,Health Category
0,Balanced
1,Indulgent
2,Balanced
3,Indulgent
4,Indulgent
5,Balanced
6,Indulgent
7,Nourishing
8,Nourishing
9,Balanced
10,Indulgent
11,Indulgent
12,Indulgent
13,Balanced
14,Indulgent
15,Balanced
16,Balanced
17,Indulgent
18,Balanced
19,Indulgent
20,Indulgent
21,Indulgent
22,Balanced
23,Indulgent
24,Indulgent
25,Indulgent
26,Nourishing
27,Indulgent
28,Balanced
29,Indulgent
30,Indulgent
31,Indulgent
32,Nourishing
33,Indulgent
34,Indulgent
35,Indulgent
36,Balanced
37,Indulgent
38,Balanced
39,Indulgent
40,Indulgent
41,Balanced
42,Indulgent
43,Balanced
44,Indulgent
45,Nourishing
46,Nourishing
47,Indulgent
48,Indulgent
49,Balanced
50,Balanced
51,Balanced
52,Balanced
53,Balanced
54,Balanced
55,Indulgent
56,Indulgent
57,Balanced
58,Indulgent
59,Balanced
60,Indulgent
61,Nourishing
62,Indulgent
63,Indulgent
64,Balanced
65,Indulgent
66,Nourishing
67,Nourishing
68,Indulgent
69,Indulgent
70,Indulgent
71,Nourishing
72,Balanced
73,Nourishing
74,Indulgent
75,Balanced
76,Indulgent
77,Indulgent
78,Nourishing
79,Indulgent
80,Indulgent
81,Indulgent
82,Nourishing
83,Indulgent
84,Balanced
85,Indulgent
86,Indulgent
87,Indulgent
88,Balanced
89,Balanced
90,Indulgent
91,Indulgent
92,Nourishing
93,Balanced
94,Balanced
95,Balanced
96,Indulgent
97,Balanced
98,Nourishing
99,Indulgent
100,Nourishing
101,Indulgent
102,Indulgent
103,Balanced
104,Indulgent
105,Indulgent
106,Indulgent
107,Balanced
108,Balanced
109,Nourishing
110,Indulgent
111,Indulgent
112,Balanced
113,Balanced
114,Balanced
115,Nourishing
116,Balanced
117,Balanced
118,Balanced
119,Indulgent
120,Indulgent
121,Balanced
122,Indulgent
123,Balanced
124,Balanced
125,Indulgent
126,Nourishing
127,Indulgent
128,Indulgent
129,Indulgent
130,Indulgent
131,Indulgent
132,Balanced
133,Balanced
134,Indulgent
135,Indulgent
136,Nourishing
137,Nourishing
138,Balanced
139,Indulgent
140,Indulgent
141,Nourishing
142,Balanced
143,Balanced
144,Balanced
145,Balanced
146,Indulgent
147,Indulgent
148,Indulgent
149,Nourishing
150,Balanced
151,Balanced
152,Nourishing
153,Balanced
154,Balanced
155,Balanced
156,Indulgent
157,Balanced
158,Indulgent
159,Nourishing
160,Balanced
161,Nourishing
162,Indulgent
163,Balanced
164,Indulgent
165,Balanced
166,Nourishing
167,Balanced
168,Indulgent
169,Indulgent
170,Indulgent
171,Indulgent
172,Balanced
173,Indulgent
174,Indulgent
175,Indulgent
176,Indulgent
177,Indulgent
178,Balanced
179,Balanced
180,Indulgent
181,Nourishing
182,Indulgent
183,Indulgent
184,Indulgent
185,Balanced
186,Balanced
187,Balanced
188,Nourishing
189,Indulgent
190,Balanced
191,Indulgent
192,Indulgent
193,Indulgent
194,Nourishing
195,Balanced
196,Indulgent
197,Indulgent
198,Indulgent
199,Indulgent
200,Nourishing
201,Balanced
202,Nourishing
203,Indulgent
204,Indulgent
205,Nourishing
206,Indulgent
207,Balanced
208,Balanced
209,Nourishing
210,Balanced
211,Balanced
212,Balanced
213,Indulgent
214,Balanced
215,Balanced
216,Indulgent
217,Indulgent
218,Balanced
219,Indulgent
220,Balanced
221,Indulgent
222,Indulgent
223,Balanced
224,Indulgent
225,Balanced
226,Indulgent
227,Indulgent
228,Balanced
229,Balanced
230,Indulgent
231,Indulgent
232,Nourishing
233,Indulgent
234,Balanced
235,Indulgent
236,Balanced
237,Balanced
238,Indulgent
239,Indulgent
240,Indulgent
241,Balanced
242,Balanced
243,Balanced
244,Indulgent
245,Balanced
246,Balanced
247,Indulgent
248,Balanced
249,Indulgent
250,Balanced
251,Indulgent
252,Balanced
253,Nourishing
254,Indulgent
255,Indulgent
256,Indulgent
257,Indulgent
258,Indulgent
259,Indulgent
260,Nourishing
261,Indulgent
262,Indulgent
263,Indulgent
264,Balanced
265,Indulgent
266,Indulgent
267,Indulgent
268,Indulgent
269,Balanced
270,Balanced
271,Indulgent
272,Indulgent
273,Balanced
274,Nourishing
275,Indulgent
276,Indulgent
277,Indulgent
278,Indulgent
279,Balanced
280,Indulgent
281,Nourishing
282,Indulgent
283,Indulgent
284,Nourishing
285,Balanced
286,Indulgent
287,Balanced
288,Balanced
289,Indulgent
290,Indulgent
291,Indulgent
292,Balanced
293,Indulgent
294,Nourishing
295,Nourishing
296,Indulgent
297,Indulgent
298,Indulgent
299,Balanced
300,Indulgent
301,Balanced
302,Indulgent
303,Balanced
304,Indulgent
305,Indulgent
306,Indulgent
307,Balanced
308,Balanced
309,Nourishing
310,Balanced
311,Indulgent
312,Balanced
313,Indulgent
314,Indulgent
315,Nourishing
316,Nourishing
317,Balanced
318,Indulgent
319,Indulgent
320,Indulgent
321,Balanced
322,Balanced
323,Balanced
324,Indulgent
325,Indulgent
326,Balanced
327,Indulgent
328,Balanced
329,Indulgent
330,Balanced
331,Nourishing
332,Indulgent
333,Balanced
334,Balanced
335,Indulgent
336,Indulgent
337,Balanced
338,Indulgent
339,Balanced
340,Indulgent
341,Balanced
342,Indulgent
343,Indulgent
344,Balanced
345,Nourishing
346,Balanced
347,Indulgent
348,Nourishing
349,Indulgent
350,Indulgent
351,Indulgent
352,Nourishing
353,Balanced
354,Indulgent
355,Balanced
356,Indulgent
357,Indulgent
358,Balanced
359,Indulgent
360,Balanced
361,Indulgent
362,Balanced
363,Balanced
364,Indulgent
365,Balanced
366,Nourishing
367,Balanced
368,Balanced
369,Balanced
370,Indulgent
371,Balanced
372,Indulgent
373,Indulgent
374,Nourishing
375,Balanced
376,Balanced
377,Indulgent
378,Indulgent
379,Balanced
380,Indulgent
381,Nourishing
382,Balanced
383,Nourishing
384,Balanced
385,Indulgent
386,Indulgent
387,Indulgent
388,Balanced
389,Nourishing
390,Nourishing
391,Indulgent
392,Balanced
393,Indulgent
394,Indulgent
395,Balanced
396,Indulgent
397,Indulgent
398,Balanced
399,Indulgent
400,Indulgent
401,Indulgent
402,Balanced
403,Indulgent
404,Indulgent
405,Indulgent
406,Nourishing
407,Balanced
408,Indulgent
409,Indulgent
410,Indulgent
411,Indulgent
412,Indulgent
413,Balanced
414,Nourishing
415,Indulgent
416,Balanced
417,Nourishing
418,Balanced
419,Indulgent
420,Balanced
421,Balanced
422,Indulgent
423,Indulgent
424,Balanced
425,Indulgent
426,Balanced
427,Indulgent
428,Balanced
429,Indulgent
430,Indulgent
431,Indulgent
432,Balanced
433,Indulgent
434,Indulgent
435,Balanced
436,Balanced
437,Indulgent
438,Indulgent
439,Balanced
440,Nourishing
441,Indulgent
442,Indulgent
443,Indulgent
444,Nourishing
445,Indulgent
446,Balanced
447,Indulgent
448,Balanced
449,Balanced
450,Balanced
451,Indulgent
452,Indulgent
453,Balanced
454,Indulgent
455,Indulgent
456,Balanced
457,Balanced
458,Balanced
459,Indulgent
460,Indulgent
461,Indulgent
462,Indulgent
463,Indulgent
464,Indulgent
465,Balanced
466,Indulgent
467,Indulgent
468,Indulgent
469,Nourishing
470,Balanced
471,Balanced
472,Balanced
473,Indulgent
474,Nourishing
475,Balanced
476,Indulgent
477,Indulgent
478,Indulgent
479,Indulgent
480,Nourishing
481,Nourishing
482,Nourishing
483,Balanced
484,Indulgent
485,Indulgent
486,Nourishing
487,Indulgent
488,Nourishing
489,Indulgent
490,Indulgent
491,Indulgent
492,Indulgent
493,Balanced
494,Balanced
495,Balanced
496,Nourishing
497,Indulgent
498,Indulgent
499,Balanced
500,Indulgent
501,Indulgent
502,Balanced
503,Indulgent
504,Indulgent
505,Balanced
506,Indulgent
507,Balanced
508,Nourishing
509,Indulgent
510,Indulgent
511,Indulgent
512,Indulgent
513,Nourishing
514,Indulgent
515,Nourishing
516,Indulgent
517,Indulgent
518,Balanced
519,Indulgent
520,Indulgent
521,Balanced
522,Indulgent
523,Balanced
524,Balanced
525,Balanced
526,Indulgent
527,Balanced
528,Indulgent
529,Indulgent
530,Nourishing
531,Indulgent
532,Indulgent
533,Balanced
534,Indulgent
535,Balanced
536,Indulgent
537,Indulgent
538,Balanced
539,Balanced
540,Indulgent
541,Indulgent
542,Indulgent
543,Indulgent
544,Balanced
545,Indulgent
546,Balanced
547,Indulgent
548,Indulgent
549,Indulgent
550,Balanced
551,Balanced
552,Balanced
553,Indulgent
554,Balanced
555,Balanced
556,Balanced
557,Nourishing
558,Balanced
559,Indulgent
560,Indulgent
561,Indulgent
562,Indulgent
563,Indulgent
564,Indulgent
565,Balanced
566,Indulgent
567,Balanced
568,Nourishing
569,Indulgent
570,Indulgent
571,Indulgent
572,Nourishing
573,Indulgent
574,Indulgent
575,Nourishing
576,Indulgent
577,Balanced
578,Indulgent
579,Nourishing
580,Balanced
581,Balanced
582,Indulgent
583,Indulgent
584,Indulgent
585,Indulgent
586,Nourishing
587,Nourishing
588,Indulgent
589,Nourishing
590,Nourishing
591,Balanced
592,Balanced
593,Indulgent
594,Nourishing
595,Indulgent
596,Indulgent
597,Balanced
598,Balanced
599,Indulgent
600,Balanced
601,Indulgent
602,Indulgent
603,Balanced
604,Nourishing
605,Balanced
606,Balanced
607,Balanced
608,Balanced
609,Balanced
610,Indulgent
611,Balanced
612,Indulgent
613,Indulgent
614,Indulgent
615,Balanced
616,Indulgent
617,Indulgent
618,Indulgent
619,Balanced
620,Balanced
621,Indulgent
622,Indulgent
623,Indulgent
624,Balanced
625,Indulgent
626,Balanced
627,Balanced
628,Balanced
629,Indulgent
630,Indulgent
631,Indulgent
632,Balanced
633,Indulgent
634,Balanced
635,Balanced
636,Indulgent
637,Indulgent
638,Indulgent
639,Indulgent
640,Nourishing
641,Nourishing
642,Indulgent
643,Indulgent
644,Balanced
645,Nourishing
646,Indulgent
647,Balanced
648,Balanced
649,Indulgent
650,Nourishing
651,Nourishing
652,Balanced
653,Nourishing
654,Indulgent
655,Balanced
656,Nourishing
657,Nourishing
658,Indulgent
659,Balanced
660,Balanced
661,Indulgent
662,Balanced
663,Balanced
664,Nourishing
665,Indulgent
666,Indulgent
667,Balanced
668,Balanced
669,Balanced
670,Balanced
671,Indulgent
672,Balanced
673,Indulgent
674,Balanced
675,Indulgent
676,Balanced
677,Indulgent
678,Indulgent
679,Indulgent
680,Balanced
681,Indulgent
682,Nourishing
683,Indulgent
684,Indulgent
685,Nourishing
686,Indulgent
687,Indulgent
688,Balanced
689,Balanced
690,Nourishing
691,Balanced
692,Nourishing
693,Nourishing
694,Indulgent
695,Indulgent
696,Balanced
697,Indulgent
698,Indulgent
699,Indulgent
700,Indulgent
701,Indulgent
702,Balanced
703,Balanced
704,Balanced
705,Balanced
706,Nourishing
707,Indulgent
708,Indulgent
709,Nourishing
710,Indulgent
711,Nourishing
712,Indulgent
713,Indulgent
714,Balanced
715,Indulgent
716,Indulgent
717,Indulgent
718,Nourishing
719,Balanced
720,Indulgent
721,Indulgent
722,Balanced
723,Indulgent
724,Indulgent
725,Indulgent
726,Balanced
727,Indulgent
728,Balanced
729,Balanced
730,Nourishing
731,Balanced
732,Indulgent
733,Nourishing
734,Indulgent
735,Balanced
736,Indulgent
737,Balanced
738,Balanced
739,Indulgent
740,Balanced
741,Balanced
742,Balanced
743,Balanced
744,Nourishing
745,Indulgent
746,Nourishing
747,Nourishing
748,Indulgent
749,Indulgent
750,Indulgent
751,Balanced
752,Indulgent
753,Balanced
754,Indulgent
755,Indulgent
756,Indulgent
757,Nourishing
758,Nourishing
759,Balanced
760,Indulgent
761,Balanced
762,Balanced
763,Indulgent
764,Indulgent
765,Balanced
766,Indulgent
767,Nourishing
768,Indulgent
769,Balanced
770,Indulgent
771,Indulgent
772,Indulgent
773,Indulgent
774,Indulgent
775,Balanced
776,Balanced
777,Indulgent
778,Indulgent
779,Indulgent
780,Nourishing
781,Indulgent
782,Indulgent
783,Nourishing
784,Indulgent
785,Nourishing
786,Indulgent
787,Balanced
788,Indulgent
789,Indulgent
790,Balanced
791,Indulgent
792,Indulgent
793,Balanced
794,Indulgent
795,Indulgent
796,Nourishing
797,Balanced
798,Balanced
799,Indulgent
800,Indulgent
801,Indulgent
802,Indulgent
803,Indulgent
804,Balanced
805,Nourishing
806,Balanced
807,Indulgent
808,Balanced
809,Balanced
810,Indulgent
811,Indulgent
812,Balanced
813,Balanced
814,Balanced
815,Balanced
816,Indulgent
817,Balanced
818,Indulgent
819,Indulgent
820,Indulgent
821,Indulgent
822,Indulgent
823,Balanced
824,Indulgent
825,Balanced
826,Indulgent
827,Balanced
828,Nourishing
829,Indulgent
830,Indulgent
831,Indulgent
832,Balanced
833,Balanced
834,Nourishing
835,Indulgent
836,Nourishing
837,Balanced
838,Nourishing
839,Indulgent
840,Balanced
841,Balanced
842,Indulgent
843,Balanced
844,Indulgent
845,Nourishing
846,Indulgent
847,Balanced
848,Nourishing
849,Indulgent
850,Indulgent
851,Balanced
852,Indulgent
853,Balanced
854,Balanced
855,Indulgent
856,Indulgent
857,Nourishing
858,Indulgent
859,Indulgent
860,Balanced
861,Nourishing
862,Indulgent
863,Balanced
864,Indulgent
865,Indulgent
866,Balanced
867,Balanced
868,Indulgent
869,Indulgent
870,Balanced
871,Nourishing
872,Indulgent
873,Balanced
874,Balanced
875,Indulgent
876,Indulgent
877,Balanced
878,Indulgent
879,Indulgent
880,Balanced
881,Indulgent
882,Indulgent
883,Nourishing
884,Indulgent
885,Indulgent
886,Indulgent
887,Balanced
888,Balanced
889,Balanced
890,Indulgent
891,Balanced
892,Balanced
893,Balanced
894,Balanced
895,Indulgent
896,Balanced
897,Indulgent
898,Indulgent
899,Indulgent
900,Indulgent
901,Balanced
902,Indulgent
903,Balanced
904,Indulgent
905,Indulgent
906,Indulgent
907,Indulgent
908,Indulgent
909,Balanced
910,Balanced
911,Indulgent
912,Indulgent
913,Indulgent
914,Indulgent
915,Nourishing
916,Balanced
917,Nourishing
918,Balanced
919,Indulgent
920,Balanced
921,Nourishing
922,Indulgent
923,Balanced
924,Balanced
925,Balanced
926,Balanced
927,Indulgent
928,Indulgent
929,Nourishing
930,Balanced
931,Indulgent
932,Nourishing
933,Indulgent
934,Balanced
935,Balanced
936,Balanced
937,Nourishing
938,Nourishing
939,Indulgent
940,Balanced
941,Balanced
942,Indulgent
943,Balanced
944,Indulgent
945,Indulgent
946,Indulgent
947,Balanced
948,Balanced
949,Balanced
950,Balanced
951,Indulgent
952,Indulgent
953,Balanced
954,Nourishing
955,Balanced
956,Indulgent
957,Indulgent
958,Indulgent
959,Balanced
960,Nourishing
961,Balanced
962,Indulgent
963,Indulgent
964,Indulgent
965,Indulgent
966,Balanced
967,Indulgent
968,Balanced
969,Indulgent
970,Indulgent
971,Indulgent
972,Balanced
973,Nourishing
974,Balanced
975,Indulgent
976,Indulgent
977,Balanced
978,Indulgent
979,Balanced
980,Balanced
981,Indulgent
982,Balanced
983,Balanced
984,Balanced
985,Nourishing
986,Nourishing
987,Indulgent
988,Indulgent
989,Balanced
990,Balanced
991,Indulgent
992,Balanced
993,Indulgent
994,Nourishing
995,Indulgent
996,Balanced
997,Indulgent
998,Indulgent
999,Nourishing
1000,Nourishing
1001,Balanced
1002,Indulgent
1003,Indulgent
1004,Indulgent
1005,Indulgent
1006,Nourishing
1007,Balanced
1008,Balanced
1009,Nourishing
1010,Indulgent
1011,Balanced
1012,Balanced
1013,Indulgent
1014,Indulgent
1015,Balanced
1016,Balanced
1017,Balanced
1018,Nourishing
1019,Nourishing
1020,Indulgent
1021,Balanced
1022,Balanced
1023,Indulgent
1024,Balanced
1025,Nourishing
1026,Indulgent
1027,Balanced
1028,Indulgent
1029,Balanced
1030,Indulgent
1031,Indulgent
1032,Balanced
1033,Indulgent
1034,Indulgent
1035,Indulgent
1036,Indulgent
1037,Indulgent
1038,Balanced
1039,Indulgent
1040,Balanced
1041,Indulgent
1042,Indulgent
1043,Indulgent
1044,Nourishing
1045,Balanced
1046,Balanced
1047,Indulgent
1048,Indulgent
1049,Indulgent
1050,Indulgent
1051,Indulgent
1052,Balanced
1053,Nourishing
1054,Nourishing
1055,Balanced
1056,Balanced
1057,Indulgent
1058,Indulgent
1059,Indulgent
1060,Balanced
1061,Indulgent
1062,Balanced
1063,Balanced
1064,Indulgent
1065,Indulgent
1066,Indulgent
1067,Indulgent
1068,Balanced
1069,Balanced
1070,Balanced
1071,Nourishing
1072,Indulgent
1073,Balanced
1074,Indulgent
1075,Indulgent
1076,Indulgent
1077,Indulgent
1078,Balanced
1079,Indulgent
1080,Balanced
1081,Indulgent
1082,Indulgent
1083,Balanced
1084,Indulgent
1085,Balanced
1086,Balanced
1087,Indulgent
1088,Nourishing
1089,Indulgent
1090,Indulgent
1091,Balanced
1092,Balanced
1093,Indulgent
1094,Indulgent
1095,Indulgent
1096,Balanced
1097,Indulgent
1098,Balanced
1099,Balanced
1100,Nourishing
1101,Balanced
1102,Indulgent
1103,Balanced
1104,Indulgent
1105,Indulgent
1106,Indulgent
1107,Balanced
1108,Indulgent
1109,Indulgent
1110,Balanced
1111,Balanced
1112,Indulgent
1113,Indulgent
1114,Indulgent
1115,Indulgent
1116,Balanced
1117,Balanced
1118,Nourishing
1119,Balanced
1120,Nourishing
1121,Balanced
1122,Balanced
1123,Indulgent
1124,Balanced
1125,Balanced
1126,Balanced
1127,Indulgent
1128,Indulgent
1129,Indulgent
1130,Indulgent
1131,Indulgent
1132,Nourishing
1133,Indulgent
1134,Indulgent
1135,Balanced
1136,Balanced
1137,Nourishing
1138,Nourishing
1139,Balanced
1140,Balanced
1141,Balanced
1142,Balanced
1143,Balanced
1144,Indulgent
1145,Indulgent
1146,Nourishing
1147,Indulgent
1148,Balanced
1149,Balanced
1150,Indulgent
1151,Balanced
1152,Indulgent
1153,Indulgent
1154,Indulgent
1155,Indulgent
1156,Balanced
1157,Indulgent
1158,Nourishing
1159,Indulgent
1160,Nourishing
1161,Nourishing
1162,Balanced
1163,Balanced
1164,Balanced
1165,Balanced
1166,Nourishing
1167,Indulgent
1168,Nourishing
1169,Indulgent
1170,Nourishing
1171,Indulgent
1172,Indulgent
1173,Balanced
1174,Balanced
1175,Indulgent
1176,Nourishing
1177,Balanced
1178,Balanced
1179,Balanced
1180,Balanced
1181,Balanced
1182,Indulgent
1183,Indulgent
1184,Indulgent
1185,Indulgent
1186,Balanced
1187,Balanced
1188,Indulgent
1189,Balanced
1190,Indulgent
1191,Nourishing
1192,Indulgent
1193,Indulgent
1194,Balanced
1195,Balanced
1196,Balanced
1197,Indulgent
1198,Indulgent
1199,Indulgent
1200,Balanced
1201,Nourishing
1202,Indulgent
1203,Indulgent
1204,Balanced
1205,Balanced
1206,Balanced
1207,Indulgent
1208,Indulgent
1209,Indulgent
1210,Balanced
1211,Balanced
1212,Nourishing
1213,Indulgent
1214,Nourishing
1215,Indulgent
1216,Balanced
1217,Indulgent
1218,Nourishing
1219,Balanced
1220,Indulgent
1221,Indulgent
1222,Balanced
1223,Balanced
1224,Balanced
1225,Indulgent
1226,Nourishing
1227,Indulgent
1228,Indulgent
1229,Indulgent
1230,Nourishing
1231,Balanced
1232,Balanced
1233,Balanced
1234,Indulgent
1235,Indulgent
1236,Nourishing
1237,Indulgent
1238,Nourishing
1239,Indulgent
1240,Nourishing
1241,Indulgent
1242,Nourishing
1243,Indulgent
1244,Indulgent
1245,Nourishing
1246,Indulgent
1247,Balanced
1248,Balanced
1249,Balanced
1250,Indulgent
1251,Balanced
1252,Balanced
1253,Balanced
1254,Indulgent
1255,Indulgent
1256,Indulgent
1257,Indulgent
1258,Balanced
1259,Nourishing
1260,Balanced
1261,Indulgent
1262,Indulgent
1263,Nourishing
1264,Nourishing
1265,Indulgent
1266,Balanced
1267,Balanced
1268,Indulgent
1269,Balanced
1270,Indulgent
1271,Indulgent
1272,Balanced
1273,Nourishing
1274,Indulgent
1275,Indulgent
1276,Balanced
1277,Indulgent
1278,Balanced
1279,Indulgent
1280,Balanced
1281,Balanced
1282,Balanced
1283,Indulgent
1284,Indulgent
1285,Indulgent
1286,Balanced
1287,Indulgent
1288,Nourishing
1289,Indulgent
1290,Indulgent
1291,Nourishing
1292,Balanced
1293,Indulgent
1294,Indulgent
1295,Balanced
1296,Balanced
1297,Indulgent
1298,Nourishing
1299,Indulgent
1300,Balanced
1301,Balanced
1302,Balanced
1303,Indulgent
1304,Balanced
1305,Nourishing
1306,Balanced
1307,Balanced
1308,Balanced
1309,Indulgent
1310,Nourishing
1311,Nourishing
1312,Balanced
1313,Balanced
1314,Nourishing
1315,Indulgent
1316,Balanced
1317,Balanced
1318,Indulgent
1319,Indulgent
1320,Indulgent
1321,Indulgent
1322,Indulgent
1323,Indulgent
1324,Indulgent
1325,Indulgent
1326,Balanced
1327,Balanced
1328,Balanced
1329,Nourishing
1330,Indulgent
1331,Nourishing
1332,Balanced
1333,Indulgent
1334,Balanced
1335,Indulgent
1336,Indulgent
1337,Balanced
1338,Balanced
1339,Indulgent
1340,Balanced
1341,Indulgent
1342,Balanced
1343,Balanced
1344,Balanced
1345,Indulgent
1346,Indulgent
1347,Balanced
1348,Indulgent
1349,Indulgent
1350,Indulgent
1351,Indulgent
1352,Indulgent
1353,Nourishing
1354,Indulgent
1355,Indulgent
1356,Balanced
1357,Indulgent
1358,Indulgent
1359,Indulgent
1360,Indulgent
1361,Indulgent
1362,Nourishing
1363,Indulgent
1364,Balanced
1365,Indulgent
1366,Balanced
1367,Balanced
1368,Nourishing
1369,Nourishing
1370,Indulgent
1371,Balanced
1372,Indulgent
1373,Indulgent
1374,Nourishing
1375,Indulgent
1376,Indulgent
1377,Balanced
1378,Indulgent
1379,Balanced
1380,Balanced
1381,Balanced
1382,Balanced
1383,Balanced
1384,Indulgent
1385,Indulgent
1386,Nourishing
1387,Balanced
1388,Nourishing
1389,Indulgent
1390,Indulgent
1391,Indulgent
1392,Balanced
1393,Balanced
1394,Balanced
1395,Nourishing
1396,Balanced
1397,Balanced
1398,Indulgent
1399,Indulgent
1400,Indulgent
1401,Indulgent
1402,Indulgent
1403,Indulgent
1404,Balanced
1405,Indulgent
1406,Balanced
1407,Balanced
1408,Indulgent
1409,Nourishing
1410,Indulgent
1411,Balanced
1412,Balanced
1413,Indulgent
1414,Balanced
1415,Nourishing
1416,Balanced
1417,Nourishing
1418,Balanced
1419,Indulgent
1420,Balanced
1421,Nourishing
1422,Indulgent
1423,Balanced
1424,Indulgent
1425,Indulgent
1426,Indulgent
1427,Balanced
1428,Indulgent
1429,Balanced
1430,Indulgent
1431,Indulgent
1432,Balanced
1433,Nourishing
1434,Balanced
1435,Nourishing
1436,Balanced
1437,Balanced
1438,Indulgent
1439,Indulgent
1440,Balanced
1441,Indulgent
1442,Indulgent
1443,Balanced
1444,Nourishing
1445,Balanced
1446,Nourishing
1447,Indulgent
1448,Nourishing
1449,Balanced
1450,Balanced
1451,Balanced
1452,Balanced
1453,Nourishing
1454,Indulgent
1455,Indulgent
1456,Indulgent
1457,Balanced
1458,Balanced
1459,Indulgent
1460,Nourishing
1461,Balanced
1462,Indulgent
1463,Balanced
1464,Indulgent
1465,Indulgent
1466,Indulgent
1467,Indulgent
1468,Balanced
1469,Nourishing
1470,Indulgent
1471,Balanced
1472,Indulgent
1473,Indulgent
1474,Indulgent
1475,Indulgent
1476,Balanced
1477,Nourishing
1478,Indulgent
1479,Indulgent
1480,Indulgent
1481,Balanced
1482,Indulgent
1483,Balanced
1484,Balanced
1485,Balanced
1486,Balanced
1487,Balanced
1488,Indulgent
1489,Indulgent
1490,Indulgent
1491,Balanced
1492,Nourishing
1493,Nourishing
1494,Indulgent
1495,Indulgent
1496,Balanced
1497,Indulgent
1498,Balanced
1499,Balanced
1500,Indulgent
1501,Indulgent
1502,Indulgent
1503,Balanced
1504,Indulgent
1505,Balanced
1506,Indulgent
1507,Indulgent
1508,Indulgent
1509,Indulgent
1510,Balanced
1511,Balanced
1512,Indulgent
1513,Indulgent
1514,Indulgent
1515,Nourishing
1516,Indulgent
1517,Indulgent
1518,Balanced
1519,Indulgent
1520,Indulgent
1521,Indulgent
1522,Balanced
1523,Indulgent
1524,Indulgent
1525,Nourishing
1526,Balanced
1527,Nourishing
1528,Indulgent
1529,Balanced
1530,Balanced
1531,Balanced
1532,Indulgent
1533,Nourishing
1534,Indulgent
1535,Indulgent
1536,Indulgent
1537,Indulgent
1538,Nourishing
1539,Balanced
1540,Balanced
1541,Indulgent
1542,Indulgent
1543,Nourishing
1544,Nourishing
1545,Nourishing
1546,Indulgent
1547,Balanced
1548,Indulgent
1549,Balanced
1550,Balanced
1551,Balanced
1552,Balanced
1553,Indulgent
1554,Nourishing
1555,Indulgent
1556,Indulgent
1557,Balanced
1558,Balanced
1559,Indulgent
1560,Indulgent
1561,Balanced
1562,Indulgent
1563,Balanced
1564,Indulgent
1565,Indulgent
1566,Indulgent
1567,Indulgent
1568,Balanced
1569,Balanced
1570,Balanced
1571,Indulgent
1572,Balanced
1573,Balanced
1574,Balanced
1575,Nourishing
1576,Indulgent
1577,Nourishing
1578,Balanced
1579,Balanced
1580,Balanced
1581,Balanced
1582,Indulgent
1583,Balanced
1584,Indulgent
1585,Indulgent
1586,Nourishing
1587,Balanced
1588,Nourishing
1589,Indulgent
1590,Indulgent
1591,Indulgent
1592,Indulgent
1593,Indulgent
1594,Nourishing
1595,Indulgent
1596,Nourishing
1597,Indulgent
1598,Indulgent
1599,Indulgent
1600,Indulgent
1601,Indulgent
1602,Nourishing
1603,Nourishing
1604,Indulgent
1605,Nourishing
1606,Indulgent
1607,Indulgent
1608,Balanced
1609,Balanced
1610,Indulgent
1611,Balanced
1612,Indulgent
1613,Indulgent
1614,Balanced
1615,Indulgent
1616,Indulgent
1617,Balanced
1618,Balanced
1619,Balanced
1620,Indulgent
1621,Indulgent
1622,Nourishing
1623,Balanced
1624,Indulgent
1625,Nourishing
1626,Balanced
1627,Balanced
1628,Indulgent
1629,Indulgent
1630,Balanced
1631,Indulgent
1632,Nourishing
1633,Nourishing
1634,Indulgent
1635,Indulgent
1636,Indulgent
1637,Indulgent
1638,Indulgent
1639,Balanced
1640,Indulgent
1641,Indulgent
1642,Balanced
1643,Balanced
1644,Indulgent
1645,Indulgent
1646,Indulgent
1647,Balanced
1648,Indulgent
1649,Balanced
1650,Indulgent
1651,Nourishing
1652,Indulgent
1653,Balanced
1654,Nourishing
1655,Indulgent
1656,Indulgent
1657,Nourishing
1658,Indulgent
1659,Balanced
1660,Balanced
1661,Balanced
1662,Indulgent
1663,Balanced
1664,Balanced
1665,Indulgent
1666,Balanced
1667,Indulgent
1668,Indulgent
1669,Nourishing
1670,Balanced
1671,Indulgent
1672,Indulgent
1673,Indulgent
1674,Nourishing
1675,Indulgent
1676,Indulgent
1677,Indulgent
1678,Balanced
1679,Indulgent
1680,Balanced
1681,Balanced
1682,Nourishing
1683,Indulgent
1684,Balanced
1685,Balanced
1686,Indulgent
1687,Balanced
1688,Nourishing
1689,Balanced
1690,Indulgent
1691,Balanced
1692,Balanced
1693,Balanced
1694,Balanced
1695,Balanced
1696,Nourishing
1697,Nourishing
1698,Balanced
1699,Balanced
1700,Nourishing
1701,Indulgent
1702,Indulgent
1703,Indulgent
1704,Balanced
1705,Indulgent
1706,Indulgent
1707,Indulgent
1708,Balanced
1709,Nourishing
1710,Indulgent
1711,Indulgent
1712,Indulgent
1713,Indulgent
1714,Indulgent
1715,Indulgent
1716,Indulgent
1717,Balanced
1718,Balanced
1719,Nourishing
1720,Balanced
1721,Indulgent
1722,Balanced
1723,Indulgent
1724,Indulgent
1725,Balanced
1726,Balanced
1727,Balanced
1728,Nourishing
1729,Nourishing
1730,Nourishing
1731,Balanced
1732,Nourishing
1733,Indulgent
1734,Indulgent
1735,Balanced
1736,Indulgent
1737,Indulgent
1738,Balanced
1739,Indulgent
1740,Balanced
1741,Indulgent
1742,Balanced
1743,Indulgent
1744,Balanced
1745,Indulgent
1746,Indulgent
1747,Nourishing
1748,Nourishing
1749,Indulgent
1750,Indulgent
1751,Indulgent
1752,Indulgent
1753,Balanced
1754,Nourishing
1755,Indulgent
1756,Balanced
1757,Nourishing
1758,Balanced
1759,Indulgent
1760,Indulgent
1761,Indulgent
1762,Balanced
1763,Indulgent
1764,Indulgent
1765,Indulgent
1766,Indulgent
1767,Indulgent
1768,Balanced
1769,Indulgent
1770,Indulgent
1771,Balanced
1772,Indulgent
1773,Indulgent
1774,Indulgent
1775,Balanced
1776,Balanced
1777,Nourishing
1778,Nourishing
1779,Indulgent
1780,Indulgent
1781,Indulgent
1782,Balanced
1783,Balanced
1784,Indulgent
1785,Nourishing
1786,Nourishing
1787,Balanced
1788,Nourishing
1789,Balanced
1790,Balanced
1791,Balanced
1792,Balanced
1793,Indulgent
1794,Indulgent
1795,Nourishing
1796,Indulgent
1797,Indulgent
1798,Indulgent
1799,Balanced
1800,Nourishing
1801,Indulgent
1802,Indulgent
1803,Balanced
1804,Balanced
1805,Balanced
1806,Indulgent
1807,Balanced
1808,Indulgent
1809,Balanced
1810,Indulgent
1811,Indulgent
1812,Indulgent
1813,Balanced
1814,Nourishing
1815,Indulgent
1816,Indulgent
1817,Nourishing
1818,Indulgent
1819,Indulgent
1820,Balanced
1821,Balanced
1822,Nourishing
1823,Nourishing
1824,Balanced
1825,Nourishing
1826,Indulgent
1827,Indulgent
1828,Indulgent
1829,Nourishing
1830,Indulgent
1831,Balanced
1832,Indulgent
1833,Indulgent
1834,Nourishing
1835,Balanced
1836,Indulgent
1837,Indulgent
1838,Indulgent
1839,Balanced
1840,Indulgent
1841,Indulgent
1842,Indulgent
1843,Indulgent
1844,Indulgent
1845,Nourishing
1846,Balanced
1847,Indulgent
1848,Indulgent
1849,Balanced
1850,Indulgent
1851,Indulgent
1852,Balanced
1853,Indulgent
1854,Balanced
1855,Indulgent
1856,Indulgent
1857,Balanced
1858,Balanced
1859,Balanced
1860,Indulgent
1861,Balanced
1862,Indulgent
1863,Balanced
1864,Balanced
1865,Indulgent
1866,Balanced
1867,Balanced
1868,Indulgent
1869,Nourishing
1870,Balanced
1871,Indulgent
1872,Indulgent
1873,Indulgent
1874,Indulgent
1875,Nourishing
1876,Indulgent
1877,Indulgent
1878,Balanced
1879,Indulgent
1880,Indulgent
1881,Balanced
1882,Balanced
1883,Indulgent
1884,Balanced
1885,Indulgent
1886,Balanced
1887,Indulgent
1888,Balanced
1889,Nourishing
1890,Nourishing
1891,Indulgent
1892,Nourishing
1893,Nourishing
1894,Indulgent
1895,Indulgent
1896,Indulgent
1897,Balanced
1898,Balanced
1899,Balanced
1900,Indulgent
1901,Balanced
1902,Indulgent
1903,Indulgent
1904,Balanced
1905,Balanced
1906,Indulgent
1907,Indulgent
1908,Nourishing
1909,Nourishing
1910,Balanced
1911,Nourishing
1912,Indulgent
1913,Indulgent
1914,Indulgent
1915,Indulgent
1916,Indulgent
1917,Balanced
1918,Indulgent
1919,Balanced
1920,Nourishing
1921,Balanced
1922,Balanced
1923,Indulgent
1924,Nourishing
1925,Nourishing
1926,Balanced
1927,Nourishing
1928,Balanced
1929,Balanced
1930,Balanced
1931,Nourishing
1932,Nourishing
1933,Indulgent
1934,Balanced
1935,Indulgent
1936,Indulgent
1937,Balanced
1938,Indulgent
1939,Balanced
1940,Nourishing
1941,Balanced
1942,Balanced
1943,Indulgent
1944,Indulgent
1945,Indulgent
1946,Nourishing
1947,Indulgent
1948,Indulgent
1949,Balanced
1950,Balanced
1951,Indulgent
1952,Balanced
1953,Balanced
1954,Balanced
1955,Nourishing
1956,Balanced
1957,Balanced
1958,Balanced
1959,Indulgent
1960,Balanced
1961,Indulgent
1962,Nourishing
1963,Balanced
1964,Indulgent
1965,Balanced
1966,Indulgent
1967,Indulgent
1968,Indulgent
1969,Balanced
1970,Balanced
1971,Indulgent
1972,Balanced
1973,Indulgent
1974,Nourishing
1975,Indulgent
1976,Indulgent
1977,Balanced
1978,Balanced
1979,Indulgent
1980,Indulgent
1981,Indulgent
1982,Nourishing
1983,Indulgent
1984,Balanced
1985,Indulgent
1986,Nourishing
1987,Balanced
1988,Indulgent
1989,Nourishing
1990,Indulgent
1991,Indulgent
1992,Indulgent
1993,Indulgent
1994,Nourishing
1995,Nourishing
1996,Balanced
1997,Nourishing
1998,Indulgent
1999,Indulgent
2000,Balanced
2001,Nourishing
2002,Indulgent
2003,Nourishing
2004,Indulgent
2005,Indulgent
2006,Indulgent
2007,Nourishing
2008,Balanced
2009,Indulgent
2010,Balanced
2011,Balanced
2012,Indulgent
2013,Indulgent
2014,Indulgent
2015,Indulgent
2016,Balanced
2017,Indulgent
2018,Balanced
2019,Balanced
2020,Indulgent
2021,Indulgent
2022,Nourishing
2023,Indulgent
2024,Balanced
2025,Nourishing
2026,Nourishing
2027,Balanced
2028,Indulgent
2029,Balanced
2030,Indulgent
2031,Indulgent
2032,Balanced
2033,Balanced
2034,Indulgent
2035,Balanced
2036,Indulgent
2037,Nourishing
2038,Balanced
2039,Indulgent
2040,Indulgent
2041,Nourishing
2042,Indulgent
2043,Indulgent
2044,Indulgent
2045,Indulgent
2046,Indulgent
2047,Balanced
2048,Indulgent
2049,Nourishing
2050,Indulgent
2051,Nourishing
2052,Balanced
2053,Indulgent
2054,Nourishing
2055,Balanced
2056,Nourishing
2057,Nourishing
2058,Indulgent
2059,Balanced
2060,Indulgent
2061,Nourishing
2062,Balanced
2063,Indulgent
2064,Indulgent
2065,Balanced
2066,Indulgent
2067,Balanced
2068,Indulgent
2069,Balanced
2070,Balanced
2071,Indulgent
2072,Indulgent
2073,Indulgent
2074,Balanced
2075,Balanced
2076,Indulgent
2077,Nourishing
2078,Indulgent
2079,Indulgent
2080,Indulgent
2081,Indulgent
2082,Indulgent
2083,Indulgent
2084,Nourishing
2085,Indulgent
2086,Balanced
2087,Indulgent
2088,Balanced
2089,Indulgent
2090,Indulgent
2091,Balanced
2092,Indulgent
2093,Balanced
2094,Balanced
2095,Indulgent
2096,Nourishing
2097,Balanced
2098,Nourishing
2099,Indulgent
2100,Indulgent
2101,Nourishing
2102,Balanced
2103,Balanced
2104,Balanced
2105,Nourishing
2106,Balanced
2107,Balanced
2108,Indulgent
2109,Balanced
2110,Balanced
2111,Indulgent
2112,Indulgent
2113,Indulgent
2114,Indulgent
2115,Indulgent
2116,Balanced
2117,Nourishing
2118,Balanced
2119,Balanced
2120,Indulgent
2121,Indulgent
2122,Indulgent
2123,Indulgent
2124,Nourishing
2125,Indulgent
2126,Balanced
2127,Indulgent
2128,Indulgent
2129,Balanced
2130,Indulgent
2131,Balanced
2132,Balanced
2133,Nourishing
2134,Indulgent
2135,Indulgent
2136,Balanced
2137,Indulgent
2138,Balanced
2139,Balanced
2140,Indulgent
2141,Indulgent
2142,Indulgent
2143,Nourishing
2144,Balanced
2145,Indulgent
2146,Balanced
2147,Balanced
2148,Nourishing
2149,Indulgent
2150,Indulgent
2151,Balanced
2152,Indulgent
2153,Indulgent
2154,Balanced
2155,Indulgent
2156,Balanced
2157,Balanced
2158,Nourishing
2159,Indulgent
2160,Nourishing
2161,Balanced
2162,Indulgent
2163,Indulgent
2164,Balanced
2165,Balanced
2166,Indulgent
2167,Indulgent
2168,Balanced
2169,Indulgent
2170,Balanced
2171,Indulgent
2172,Indulgent
2173,Indulgent
2174,Balanced
2175,Balanced
2176,Indulgent
2177,Balanced
2178,Balanced
2179,Indulgent
2180,Indulgent
2181,Balanced
2182,Balanced
2183,Indulgent
2184,Balanced
2185,Balanced
2186,Nourishing
2187,Balanced
2188,Indulgent
2189,Balanced
2190,Balanced
2191,Indulgent
2192,Balanced
2193,Balanced
2194,Balanced
2195,Nourishing
2196,Balanced
2197,Balanced
2198,Indulgent
2199,Indulgent
2200,Balanced
2201,Balanced
2202,Indulgent
2203,Indulgent
2204,Indulgent
2205,Balanced
2206,Balanced
2207,Balanced
2208,Balanced
2209,Balanced
2210,Indulgent
2211,Indulgent
2212,Indulgent
2213,Indulgent
2214,Balanced
2215,Indulgent
2216,Indulgent
2217,Indulgent
2218,Balanced
2219,Indulgent
2220,Balanced
2221,Indulgent
2222,Balanced
2223,Indulgent
2224,Indulgent
2225,Indulgent
2226,Indulgent
2227,Indulgent
2228,Nourishing
2229,Indulgent
2230,Balanced
2231,Indulgent
2232,Indulgent
2233,Balanced
2234,Indulgent
2235,Balanced
2236,Indulgent
2237,Nourishing
2238,Balanced
2239,Indulgent
2240,Balanced
2241,Nourishing
2242,Balanced
2243,Indulgent
2244,Indulgent
2245,Balanced
2246,Indulgent
2247,Indulgent
2248,Balanced
2249,Indulgent
2250,Indulgent
2251,Balanced
2252,Balanced
2253,Indulgent
2254,Balanced
2255,Nourishing
2256,Indulgent
2257,Nourishing
2258,Balanced
2259,Balanced
2260,Indulgent
2261,Balanced
2262,Indulgent
2263,Balanced
2264,Balanced
2265,Balanced
2266,Balanced
2267,Balanced
2268,Balanced
2269,Indulgent
2270,Indulgent
2271,Nourishing
2272,Nourishing
2273,Balanced
2274,Balanced
2275,Balanced
2276,Indulgent
2277,Indulgent
2278,Nourishing
2279,Balanced
2280,Indulgent
2281,Indulgent
2282,Balanced
2283,Indulgent
2284,Balanced
2285,Indulgent
2286,Indulgent
2287,Indulgent
2288,Balanced
2289,Balanced
2290,Balanced
2291,Indulgent
2292,Indulgent
2293,Balanced
2294,Indulgent
2295,Balanced
2296,Indulgent
2297,Indulgent
2298,Balanced
2299,Balanced
2300,Indulgent
2301,Indulgent
2302,Balanced
2303,Balanced
2304,Balanced
2305,Balanced
2306,Balanced
2307,Balanced
2308,Indulgent
2309,Indulgent
2310,Balanced
2311,Indulgent
2312,Indulgent
2313,Balanced
2314,Balanced
2315,Balanced
2316,Indulgent
2317,Balanced
2318,Balanced
2319,Balanced
2320,Indulgent
2321,Nourishing
2322,Nourishing
2323,Balanced
2324,Balanced
2325,Balanced
2326,Balanced
2327,Indulgent
2328,Nourishing
2329,Indulgent
2330,Indulgent
2331,Balanced
2332,Balanced
2333,Indulgent
2334,Indulgent
2335,Balanced
2336,Nourishing
2337,Indulgent
2338,Indulgent
2339,Indulgent
2340,Balanced
2341,Indulgent
2342,Nourishing
2343,Indulgent
2344,Indulgent
2345,Balanced
2346,Indulgent
2347,Indulgent
2348,Indulgent
2349,Balanced
2350,Indulgent
2351,Balanced
2352,Balanced
2353,Balanced
2354,Balanced
2355,Nourishing
2356,Balanced
2357,Balanced
2358,Balanced
2359,Indulgent
2360,Indulgent
2361,Balanced
2362,Balanced
2363,Indulgent
2364,Balanced
2365,Balanced
2366,Balanced
2367,Balanced
2368,Indulgent
2369,Balanced
2370,Balanced
2371,Balanced
2372,Indulgent
2373,Balanced
2374,Indulgent
2375,Balanced
2376,Indulgent
2377,Nourishing
2378,Balanced
2379,Indulgent
2380,Indulgent
2381,Balanced
2382,Balanced
2383,Balanced
2384,Balanced
2385,Indulgent
2386,Balanced
2387,Balanced
2388,Balanced
2389,Balanced
2390,Balanced
2391,Indulgent
2392,Nourishing
2393,Balanced
2394,Balanced
2395,Balanced
2396,Balanced
2397,Indulgent
2398,Balanced
2399,Balanced
2400,Indulgent
2401,Nourishing
2402,Balanced
2403,Balanced
2404,Indulgent
2405,Balanced
2406,Nourishing
2407,Indulgent
2408,Indulgent
2409,Balanced
2410,Balanced
2411,Balanced
2412,Balanced
2413,Nourishing
2414,Indulgent
2415,Balanced
2416,Balanced
2417,Balanced
2418,Nourishing
2419,Indulgent
2420,Balanced
2421,Balanced
2422,Nourishing
2423,Nourishing
2424,Balanced
2425,Indulgent
2426,Balanced
2427,Indulgent
2428,Indulgent
2429,Balanced
2430,Indulgent
2431,Nourishing
2432,Balanced
2433,Nourishing
2434,Indulgent
2435,Nourishing
2436,Balanced
2437,Balanced
2438,Nourishing
2439,Balanced
2440,Balanced
2441,Indulgent
2442,Balanced
2443,Balanced
2444,Indulgent
2445,Indulgent
2446,Nourishing
2447,Balanced
2448,Balanced
2449,Indulgent
2450,Indulgent
2451,Balanced
2452,Balanced
2453,Indulgent
2454,Indulgent
2455,Indulgent
2456,Indulgent
2457,Indulgent
2458,Balanced
2459,Indulgent
2460,Balanced
2461,Balanced
2462,Balanced
2463,Nourishing
2464,Indulgent
2465,Balanced
2466,Indulgent
2467,Indulgent
2468,Indulgent
2469,Indulgent
2470,Indulgent
2471,Nourishing
2472,Nourishing
2473,Indulgent
2474,Balanced
2475,Balanced
2476,Indulgent
2477,Balanced
2478,Indulgent
2479,Balanced
2480,Indulgent
2481,Balanced
2482,Indulgent
2483,Balanced
2484,Nourishing
2485,Balanced
2486,Indulgent
2487,Indulgent
2488,Indulgent
2489,Nourishing
2490,Indulgent
2491,Indulgent
2492,Indulgent
2493,Balanced
2494,Indulgent
2495,Balanced
2496,Nourishing
2497,Balanced
2498,Balanced
2499,Indulgent
2500,Indulgent
2501,Indulgent
2502,Indulgent
2503,Indulgent
2504,Indulgent
2505,Indulgent
2506,Nourishing
2507,Balanced
2508,Balanced
2509,Nourishing
2510,Nourishing
2511,Balanced
2512,Balanced
2513,Indulgent
2514,Indulgent
2515,Balanced
2516,Nourishing
2517,Indulgent
2518,Indulgent
2519,Balanced
2520,Balanced
2521,Nourishing
2522,Balanced
2523,Balanced
2524,Nourishing
2525,Indulgent
2526,Balanced
2527,Indulgent
2528,Balanced
2529,Indulgent
2530,Balanced
2531,Balanced
2532,Nourishing
2533,Indulgent
2534,Indulgent
2535,Balanced
2536,Nourishing
2537,Indulgent
2538,Balanced
2539,Nourishing
2540,Balanced
2541,Indulgent
2542,Indulgent
2543,Balanced
2544,Indulgent
2545,Indulgent
2546,Balanced
2547,Indulgent
2548,Indulgent
2549,Balanced
2550,Balanced
2551,Nourishing
2552,Indulgent
2553,Indulgent
2554,Indulgent
2555,Nourishing
2556,Balanced
2557,Balanced
2558,Indulgent
2559,Nourishing
2560,Nourishing
2561,Indulgent
2562,Indulgent
2563,Indulgent
2564,Nourishing
2565,Balanced
2566,Nourishing
2567,Nourishing
2568,Balanced
2569,Balanced
2570,Balanced
2571,Indulgent
2572,Indulgent
2573,Balanced
2574,Nourishing
2575,Indulgent
2576,Nourishing
2577,Nourishing
2578,Indulgent
2579,Balanced
2580,Nourishing
2581,Nourishing
2582,Nourishing
2583,Indulgent
2584,Nourishing
2585,Balanced
2586,Balanced
2587,Indulgent
2588,Balanced
2589,Indulgent
2590,Indulgent
2591,Indulgent
2592,Balanced
2593,Indulgent
2594,Nourishing
2595,Nourishing
2596,Balanced
2597,Nourishing
2598,Indulgent
2599,Indulgent
2600,Balanced
2601,Balanced
2602,Balanced
2603,Indulgent
2604,Indulgent
2605,Balanced
2606,Nourishing
2607,Balanced
2608,Indulgent
2609,Balanced
2610,Indulgent
2611,Indulgent
2612,Indulgent
2613,Indulgent
2614,Nourishing
2615,Balanced
2616,Balanced
2617,Balanced
2618,Indulgent
2619,Indulgent
2620,Balanced
2621,Balanced
2622,Indulgent
2623,Indulgent
2624,Indulgent
2625,Indulgent
2626,Indulgent
2627,Balanced
2628,Indulgent
2629,Indulgent
2630,Balanced
2631,Balanced
2632,Nourishing
2633,Indulgent
2634,Indulgent
2635,Balanced
2636,Balanced
2637,Indulgent
2638,Indulgent
2639,Indulgent
2640,Balanced
2641,Balanced
2642,Indulgent
2643,Balanced
2644,Indulgent
2645,Nourishing
2646,Indulgent
2647,Indulgent
2648,Indulgent
2649,Balanced
2650,Indulgent
2651,Nourishing
2652,Balanced
2653,Indulgent
2654,Balanced
2655,Indulgent
2656,Nourishing
2657,Indulgent
2658,Indulgent
2659,Balanced
2660,Indulgent
2661,Indulgent
2662,Indulgent
2663,Balanced
2664,Nourishing
2665,Indulgent
2666,Indulgent
2667,Balanced
2668,Indulgent
2669,Balanced
2670,Balanced
2671,Indulgent
2672,Indulgent
2673,Indulgent
2674,Nourishing
2675,Nourishing
2676,Nourishing
2677,Indulgent
2678,Indulgent
2679,Nourishing
2680,Indulgent
2681,Indulgent
2682,Nourishing
2683,Indulgent
2684,Indulgent
2685,Indulgent
2686,Nourishing
2687,Balanced
2688,Indulgent
2689,Indulgent
2690,Balanced
2691,Indulgent
2692,Indulgent
2693,Indulgent
2694,Balanced
2695,Indulgent
2696,Indulgent
2697,Indulgent
2698,Indulgent
2699,Balanced
2700,Nourishing
2701,Nourishing
2702,Balanced
2703,Indulgent
2704,Balanced
2705,Balanced
2706,Balanced
2707,Balanced
2708,Indulgent
2709,Indulgent
2710,Indulgent
2711,Balanced
2712,Balanced
2713,Balanced
2714,Nourishing
2715,Indulgent
2716,Indulgent
2717,Indulgent
2718,Indulgent
2719,Indulgent
2720,Indulgent
2721,Indulgent
2722,Balanced
2723,Indulgent
2724,Indulgent
2725,Nourishing
2726,Indulgent
2727,Balanced
2728,Nourishing
2729,Indulgent
2730,Balanced
2731,Balanced
2732,Balanced
2733,Indulgent
2734,Balanced
2735,Balanced
2736,Indulgent
2737,Nourishing
2738,Indulgent
2739,Balanced
2740,Nourishing
2741,Indulgent
2742,Balanced
2743,Balanced
2744,Indulgent
2745,Balanced
2746,Balanced
2747,Indulgent
2748,Indulgent
2749,Indulgent
2750,Balanced
2751,Balanced
2752,Balanced
2753,Nourishing
2754,Balanced
2755,Nourishing
2756,Indulgent
2757,Indulgent
2758,Nourishing
2759,Indulgent
2760,Indulgent
2761,Indulgent
2762,Balanced
2763,Balanced
2764,Indulgent
2765,Balanced
2766,Balanced
2767,Balanced
2768,Indulgent
2769,Balanced
2770,Indulgent
2771,Indulgent
2772,Nourishing
2773,Balanced
2774,Indulgent
2775,Nourishing
2776,Nourishing
2777,Indulgent
2778,Indulgent
2779,Nourishing
2780,Nourishing
2781,Balanced
2782,Balanced
2783,Balanced
2784,Indulgent
2785,Nourishing
2786,Indulgent
2787,Nourishing
2788,Indulgent
2789,Indulgent
2790,Indulgent
2791,Nourishing
2792,Balanced
2793,Indulgent
2794,Indulgent
2795,Balanced
2796,Nourishing
2797,Indulgent
2798,Nourishing
2799,Indulgent
2800,Indulgent
2801,Indulgent
2802,Nourishing
2803,Nourishing
2804,Nourishing
2805,Balanced
2806,Indulgent
2807,Balanced
2808,Balanced
2809,Indulgent
2810,Indulgent
2811,Indulgent
2812,Indulgent
2813,Balanced
2814,Indulgent
2815,Indulgent
2816,Indulgent
2817,Indulgent
2818,Balanced
2819,Indulgent
2820,Balanced
2821,Balanced
2822,Balanced
2823,Balanced
2824,Balanced
2825,Indulgent
2826,Balanced
2827,Indulgent
2828,Balanced
2829,Indulgent
2830,Indulgent
2831,Nourishing
2832,Indulgent
2833,Indulgent
2834,Indulgent
2835,Balanced
2836,Balanced
2837,Balanced
2838,Balanced
2839,Balanced
2840,Indulgent
2841,Balanced
2842,Nourishing
2843,Indulgent
2844,Indulgent
2845,Balanced
2846,Balanced
2847,Indulgent
2848,Indulgent
2849,Balanced
2850,Indulgent
2851,Nourishing
2852,Indulgent
2853,Balanced
2854,Balanced
2855,Indulgent
2856,Indulgent
2857,Nourishing
2858,Balanced
2859,Indulgent
2860,Indulgent
2861,Indulgent
2862,Balanced
2863,Indulgent
2864,Indulgent
2865,Indulgent
2866,Balanced
2867,Indulgent
2868,Balanced
2869,Indulgent
2870,Balanced
2871,Indulgent
2872,Nourishing
2873,Balanced
2874,Indulgent
2875,Balanced
2876,Balanced
2877,Balanced
2878,Balanced
2879,Indulgent
2880,Balanced
2881,Balanced
2882,Balanced
2883,Balanced
2884,Indulgent
2885,Balanced
2886,Balanced
2887,Indulgent
2888,Indulgent
2889,Indulgent
2890,Nourishing
2891,Balanced
2892,Indulgent
2893,Balanced
2894,Nourishing
2895,Balanced
2896,Indulgent
2897,Nourishing
2898,Balanced
2899,Indulgent
2900,Nourishing
2901,Indulgent
2902,Indulgent
2903,Balanced
2904,Indulgent
2905,Balanced
2906,Indulgent
2907,Balanced
2908,Indulgent
2909,Balanced
2910,Balanced
2911,Balanced
2912,Balanced
2913,Indulgent
2914,Indulgent
2915,Indulgent
2916,Indulgent
2917,Indulgent
2918,Balanced
2919,Balanced
2920,Balanced
2921,Indulgent
2922,Balanced
2923,Indulgent
2924,Indulgent
2925,Indulgent
2926,Indulgent
2927,Balanced
2928,Indulgent
2929,Indulgent
2930,Balanced
2931,Balanced
2932,Nourishing
2933,Balanced
2934,Balanced
2935,Nourishing
2936,Nourishing
2937,Indulgent
2938,Indulgent
2939,Nourishing
2940,Indulgent
2941,Balanced
2942,Balanced
2943,Balanced
2944,Balanced
2945,Indulgent
2946,Indulgent
2947,Indulgent
2948,Balanced
2949,Balanced
2950,Balanced
2951,Indulgent
2952,Balanced
2953,Indulgent
2954,Indulgent
2955,Indulgent
2956,Nourishing
2957,Indulgent
2958,Indulgent
2959,Balanced
2960,Indulgent
2961,Indulgent
2962,Balanced
2963,Balanced
2964,Balanced
2965,Indulgent
2966,Indulgent
2967,Indulgent
2968,Balanced
2969,Nourishing
2970,Indulgent
2971,Nourishing
2972,Indulgent
2973,Indulgent
2974,Indulgent
2975,Nourishing
2976,Indulgent
2977,Nourishing
2978,Nourishing
2979,Balanced
2980,Balanced
2981,Nourishing
2982,Indulgent
2983,Balanced
2984,Indulgent
2985,Indulgent
2986,Indulgent
2987,Balanced
2988,Balanced
2989,Balanced
2990,Balanced
2991,Indulgent
2992,Indulgent
2993,Indulgent
2994,Indulgent
2995,Nourishing
2996,Balanced
2997,Indulgent
2998,Balanced
2999,Indulgent
3000,Indulgent
3001,Indulgent
3002,Indulgent
3003,Balanced
3004,Indulgent
3005,Nourishing
3006,Balanced
3007,Indulgent
3008,Balanced
3009,Indulgent
3010,Indulgent
3011,Balanced
3012,Indulgent
3013,Indulgent
3014,Balanced
3015,Indulgent
3016,Balanced
3017,Balanced
3018,Indulgent
3019,Indulgent
3020,Balanced
3021,Indulgent
3022,Nourishing
3023,Indulgent
3024,Indulgent
3025,Indulgent
3026,Nourishing
3027,Nourishing
3028,Indulgent
3029,Indulgent
3030,Indulgent
3031,Indulgent
3032,Indulgent
3033,Balanced
3034,Balanced
3035,Indulgent
3036,Indulgent
3037,Balanced
3038,Indulgent
3039,Balanced
3040,Indulgent
3041,Balanced
3042,Nourishing
3043,Indulgent
3044,Indulgent
3045,Balanced
3046,Balanced
3047,Balanced
3048,Balanced
3049,Balanced
3050,Indulgent
3051,Balanced
3052,Balanced
3053,Indulgent
3054,Balanced
3055,Balanced
3056,Balanced
3057,Indulgent
3058,Indulgent
3059,Balanced
3060,Balanced
3061,Balanced
3062,Balanced
3063,Indulgent
3064,Nourishing
3065,Indulgent
3066,Nourishing
3067,Indulgent
3068,Indulgent
3069,Indulgent
3070,Indulgent
3071,Indulgent
3072,Nourishing
3073,Indulgent
3074,Nourishing
3075,Indulgent
3076,Balanced
3077,Balanced
3078,Indulgent
3079,Indulgent
3080,Balanced
3081,Indulgent
3082,Indulgent
3083,Indulgent
3084,Indulgent
3085,Indulgent
3086,Indulgent
3087,Indulgent
3088,Indulgent
3089,Balanced
3090,Indulgent
3091,Nourishing
3092,Indulgent
3093,Balanced
3094,Balanced
3095,Indulgent
3096,Indulgent
3097,Balanced
3098,Balanced
3099,Balanced
3100,Nourishing
3101,Balanced
3102,Indulgent
3103,Indulgent
3104,Nourishing
3105,Indulgent
3106,Balanced
3107,Indulgent
3108,Indulgent
3109,Balanced
3110,Indulgent
3111,Balanced
3112,Indulgent
3113,Balanced
3114,Indulgent
3115,Indulgent
3116,Indulgent
3117,Balanced
3118,Balanced
3119,Balanced
3120,Indulgent
3121,Balanced
3122,Balanced
3123,Balanced
3124,Indulgent
3125,Indulgent
3126,Balanced
3127,Balanced
3128,Indulgent
3129,Nourishing
3130,Balanced
3131,Indulgent
3132,Balanced
3133,Indulgent
3134,Indulgent
3135,Indulgent
3136,Indulgent
3137,Balanced
3138,Balanced
3139,Balanced
3140,Indulgent
3141,Indulgent
3142,Indulgent
3143,Balanced
3144,Balanced
3145,Balanced
3146,Nourishing
3147,Indulgent
3148,Balanced
3149,Balanced
3150,Indulgent
3151,Indulgent
3152,Nourishing
3153,Nourishing
3154,Indulgent
3155,Indulgent
3156,Indulgent
3157,Indulgent
3158,Indulgent
3159,Indulgent
3160,Balanced
3161,Indulgent
3162,Indulgent
3163,Indulgent
3164,Balanced
3165,Indulgent
3166,Indulgent
3167,Balanced
3168,Balanced
3169,Balanced
3170,Indulgent
3171,Indulgent
3172,Indulgent
3173,Nourishing
3174,Balanced
3175,Balanced
3176,Indulgent
3177,Balanced
3178,Balanced
3179,Indulgent
3180,Balanced
3181,Nourishing
3182,Indulgent
3183,Balanced
3184,Balanced
3185,Nourishing
3186,Indulgent
3187,Indulgent
3188,Indulgent
3189,Indulgent
3190,Indulgent
3191,Nourishing
3192,Nourishing
3193,Indulgent
3194,Indulgent
3195,Indulgent
3196,Indulgent
3197,Nourishing
3198,Balanced
3199,Nourishing
3200,Indulgent
3201,Balanced
3202,Indulgent
3203,Indulgent
3204,Indulgent
3205,Balanced
3206,Indulgent
3207,Nourishing
3208,Balanced
3209,Balanced
3210,Nourishing
3211,Indulgent
3212,Balanced
3213,Indulgent
3214,Nourishing
3215,Balanced
3216,Indulgent
3217,Indulgent
3218,Indulgent
3219,Balanced
3220,Indulgent
3221,Indulgent
3222,Indulgent
3223,Nourishing
3224,Indulgent
3225,Balanced
3226,Indulgent
3227,Balanced
3228,Nourishing
3229,Indulgent
3230,Nourishing
3231,Indulgent
3232,Indulgent
3233,Balanced
3234,Indulgent
3235,Balanced
3236,Balanced
3237,Indulgent
3238,Indulgent
3239,Balanced
3240,Balanced
3241,Indulgent
3242,Indulgent
3243,Nourishing
3244,Indulgent
3245,Indulgent
3246,Indulgent
3247,Balanced
3248,Balanced
3249,Indulgent
3250,Balanced
3251,Indulgent
3252,Indulgent
3253,Balanced
3254,Indulgent
3255,Nourishing
3256,Indulgent
3257,Indulgent
3258,Balanced
3259,Nourishing
3260,Balanced
3261,Balanced
3262,Indulgent
3263,Indulgent
3264,Indulgent
3265,Balanced
3266,Balanced
3267,Nourishing
3268,Indulgent
3269,Indulgent
3270,Indulgent
3271,Indulgent
3272,Balanced
3273,Balanced
3274,Nourishing
3275,Indulgent
3276,Balanced
3277,Balanced
3278,Indulgent
3279,Nourishing
3280,Indulgent
3281,Balanced
3282,Nourishing
3283,Indulgent
3284,Balanced
3285,Balanced
3286,Balanced
3287,Indulgent
3288,Indulgent
3289,Nourishing
3290,Indulgent
3291,Indulgent
3292,Indulgent
3293,Indulgent
3294,Indulgent
3295,Balanced
3296,Nourishing
3297,Indulgent
3298,Indulgent
3299,Indulgent
3300,Balanced
3301,Balanced
3302,Balanced
3303,Indulgent
3304,Indulgent
3305,Nourishing
3306,Indulgent
3307,Indulgent
3308,Balanced
3309,Indulgent
3310,Balanced
3311,Balanced
3312,Indulgent
3313,Nourishing
3314,Indulgent
3315,Indulgent
3316,Indulgent
3317,Balanced
3318,Balanced
3319,Balanced
3320,Balanced
3321,Indulgent
3322,Nourishing
3323,Indulgent
3324,Indulgent
3325,Nourishing
3326,Indulgent
3327,Balanced
3328,Balanced
3329,Balanced
3330,Indulgent
3331,Balanced
3332,Indulgent
3333,Balanced
3334,Indulgent
3335,Indulgent
3336,Balanced
3337,Indulgent
3338,Nourishing
3339,Nourishing
3340,Indulgent
3341,Balanced
3342,Indulgent
3343,Balanced
3344,Indulgent
3345,Indulgent
3346,Indulgent
3347,Indulgent
3348,Indulgent
3349,Indulgent
3350,Indulgent
3351,Balanced
3352,Indulgent
3353,Balanced
3354,Nourishing
3355,Nourishing
3356,Indulgent
3357,Balanced
3358,Indulgent
3359,Balanced
3360,Balanced
3361,Balanced
3362,Balanced
3363,Indulgent
3364,Indulgent
3365,Indulgent
3366,Indulgent
3367,Indulgent
3368,Balanced
3369,Balanced
3370,Balanced
3371,Balanced
3372,Balanced
3373,Indulgent
3374,Indulgent
3375,Balanced
3376,Balanced
3377,Balanced
3378,Indulgent
3379,Balanced
3380,Nourishing
3381,Indulgent
3382,Indulgent
3383,Nourishing
3384,Balanced
3385,Nourishing
3386,Indulgent
3387,Indulgent
3388,Balanced
3389,Balanced
3390,Balanced
3391,Balanced
3392,Balanced
3393,Balanced
3394,Indulgent
3395,Indulgent
3396,Indulgent
3397,Balanced
3398,Indulgent
3399,Indulgent
3400,Nourishing
3401,Indulgent
3402,Indulgent
3403,Balanced
3404,Indulgent
3405,Balanced
3406,Nourishing
3407,Indulgent
3408,Balanced
3409,Balanced
3410,Indulgent
3411,Indulgent
3412,Nourishing
3413,Indulgent
3414,Indulgent
3415,Indulgent
3416,Indulgent
3417,Nourishing
3418,Balanced
3419,Indulgent
3420,Indulgent
3421,Balanced
3422,Indulgent
3423,Balanced
3424,Indulgent
3425,Indulgent
3426,Balanced
3427,Indulgent
3428,Indulgent
3429,Balanced
3430,Indulgent
3431,Indulgent
3432,Indulgent
3433,Indulgent
3434,Indulgent
3435,Nourishing
3436,Indulgent
3437,Nourishing
3438,Balanced
3439,Indulgent
3440,Indulgent
3441,Balanced
3442,Balanced
3443,Indulgent
3444,Indulgent
3445,Indulgent
3446,Indulgent
3447,Indulgent
3448,Indulgent
3449,Indulgent
3450,Balanced
3451,Balanced
3452,Indulgent
3453,Indulgent
3454,Indulgent
3455,Indulgent
3456,Nourishing
3457,Balanced
3458,Indulgent
3459,Nourishing
3460,Balanced
3461,Indulgent
3462,Nourishing
3463,Indulgent
3464,Nourishing
3465,Indulgent
3466,Balanced
3467,Indulgent
3468,Nourishing
3469,Indulgent
3470,Indulgent
3471,Indulgent
3472,Indulgent
3473,Indulgent
3474,Nourishing
3475,Indulgent
3476,Indulgent
3477,Indulgent
3478,Indulgent
3479,Balanced
3480,Balanced
3481,Balanced
3482,Balanced
3483,Nourishing
3484,Balanced
3485,Indulgent
3486,Indulgent
3487,Indulgent
3488,Indulgent
3489,Nourishing
3490,Nourishing
3491,Balanced
3492,Balanced
3493,Nourishing
3494,Balanced
3495,Indulgent
3496,Indulgent
3497,Balanced
3498,Indulgent
3499,Balanced
3500,Nourishing
3501,Indulgent
3502,Balanced
3503,Indulgent
3504,Indulgent
3505,Balanced
3506,Indulgent
3507,Balanced
3508,Nourishing
3509,Balanced
3510,Indulgent
3511,Nourishing
3512,Indulgent
3513,Balanced
3514,Nourishing
3515,Balanced
3516,Balanced
3517,Indulgent
3518,Indulgent
3519,Balanced
3520,Balanced
3521,Balanced
3522,Indulgent
3523,Nourishing
3524,Nourishing
3525,Nourishing
3526,Nourishing
3527,Indulgent
3528,Indulgent
3529,Balanced
3530,Nourishing
3531,Indulgent
3532,Indulgent
3533,Balanced
3534,Nourishing
3535,Indulgent
3536,Indulgent
3537,Indulgent
3538,Balanced
3539,Indulgent
3540,Balanced
3541,Balanced
3542,Balanced
3543,Balanced
3544,Indulgent
3545,Indulgent
3546,Nourishing
3547,Indulgent
3548,Balanced
3549,Balanced
3550,Indulgent
3551,Indulgent
3552,Balanced
3553,Balanced
3554,Indulgent
3555,Indulgent
3556,Balanced
3557,Balanced
3558,Nourishing
3559,Nourishing
3560,Balanced
3561,Indulgent
3562,Balanced
3563,Balanced
3564,Indulgent
3565,Indulgent
3566,Nourishing
3567,Balanced
3568,Indulgent
3569,Balanced
3570,Nourishing
3571,Indulgent
3572,Indulgent
3573,Indulgent
3574,Indulgent
3575,Indulgent
3576,Indulgent
3577,Indulgent
3578,Indulgent
3579,Indulgent
3580,Indulgent
3581,Nourishing
3582,Indulgent
3583,Balanced
3584,Indulgent
3585,Indulgent
3586,Nourishing
3587,Balanced
3588,Balanced
3589,Balanced
3590,Indulgent
3591,Nourishing
3592,Indulgent
3593,Indulgent
3594,Balanced
3595,Indulgent
3596,Nourishing
3597,Indulgent
3598,Indulgent
3599,Indulgent
3600,Balanced
3601,Nourishing
3602,Nourishing
3603,Indulgent
3604,Nourishing
3605,Balanced
3606,Indulgent
3607,Indulgent
3608,Nourishing
3609,Nourishing
3610,Indulgent
3611,Indulgent
3612,Indulgent
3613,Indulgent
3614,Indulgent
3615,Indulgent
3616,Indulgent
3617,Indulgent
3618,Indulgent
3619,Indulgent
3620,Indulgent
3621,Indulgent
3622,Indulgent
3623,Indulgent
3624,Balanced
3625,Indulgent
3626,Nourishing
3627,Indulgent
3628,Indulgent
3629,Balanced
3630,Indulgent
3631,Nourishing
3632,Indulgent
3633,Balanced
3634,Indulgent
3635,Indulgent
3636,Indulgent
3637,Balanced
3638,Balanced
3639,Indulgent
3640,Balanced
3641,Indulgent
3642,Indulgent
3643,Balanced
3644,Nourishing
3645,Indulgent
3646,Indulgent
3647,Balanced
3648,Indulgent
3649,Indulgent
3650,Nourishing
3651,Indulgent
3652,Indulgent
3653,Balanced
3654,Balanced
3655,Indulgent
3656,Balanced
3657,Indulgent
3658,Indulgent
3659,Nourishing
3660,Nourishing
3661,Indulgent
3662,Balanced
3663,Balanced
3664,Indulgent
3665,Indulgent
3666,Indulgent
3667,Balanced
3668,Balanced
3669,Balanced
3670,Nourishing
3671,Indulgent
3672,Indulgent
3673,Indulgent
3674,Indulgent
3675,Indulgent
3676,Indulgent
3677,Balanced
3678,Indulgent
3679,Nourishing
3680,Balanced
3681,Balanced
3682,Balanced
3683,Indulgent
3684,Balanced
3685,Nourishing
3686,Balanced
3687,Balanced
3688,Balanced
3689,Nourishing
3690,Balanced
3691,Nourishing
3692,Indulgent
3693,Nourishing
3694,Indulgent
3695,Balanced
3696,Indulgent
3697,Nourishing
3698,Indulgent
3699,Indulgent
3700,Balanced
3701,Balanced
3702,Balanced
3703,Balanced
3704,Balanced
3705,Balanced
3706,Indulgent
3707,Balanced
3708,Nourishing
3709,Nourishing
3710,Indulgent
3711,Balanced
3712,Nourishing
3713,Indulgent
3714,Indulgent
3715,Indulgent
3716,Indulgent
3717,Balanced
3718,Balanced
3719,Indulgent
3720,Nourishing
3721,Balanced
3722,Indulgent
3723,Indulgent
3724,Balanced
3725,Indulgent
3726,Nourishing
3727,Indulgent
3728,Balanced
3729,Indulgent
3730,Balanced
3731,Balanced
3732,Nourishing
3733,Indulgent
3734,Balanced
3735,Balanced
3736,Balanced
3737,Indulgent
3738,Balanced
3739,Indulgent
3740,Indulgent
3741,Indulgent
3742,Indulgent
3743,Balanced
3744,Balanced
3745,Indulgent
3746,Indulgent
3747,Indulgent
3748,Balanced
3749,Nourishing
3750,Nourishing
3751,Indulgent
3752,Indulgent
3753,Nourishing
3754,Balanced
3755,Indulgent
3756,Balanced
3757,Indulgent
3758,Nourishing
3759,Indulgent
3760,Balanced
3761,Balanced
3762,Indulgent
3763,Nourishing
3764,Nourishing
3765,Nourishing
3766,Nourishing
3767,Balanced
3768,Indulgent
3769,Balanced
3770,Balanced
3771,Nourishing
3772,Balanced
3773,Indulgent
3774,Balanced
3775,Nourishing
3776,Indulgent
3777,Indulgent
3778,Balanced
3779,Balanced
3780,Indulgent
3781,Balanced
3782,Indulgent
3783,Indulgent
3784,Indulgent
3785,Balanced
3786,Nourishing
3787,Indulgent
3788,Balanced
3789,Balanced
3790,Indulgent
3791,Indulgent
3792,Indulgent
3793,Indulgent
3794,Indulgent
3795,Balanced
3796,Nourishing
3797,Indulgent
3798,Nourishing
3799,Balanced
3800,Indulgent
3801,Indulgent
3802,Indulgent
3803,Balanced
3804,Balanced
3805,Indulgent
3806,Indulgent
3807,Nourishing
3808,Balanced
3809,Indulgent
3810,Balanced
3811,Balanced
3812,Nourishing
3813,Indulgent
3814,Balanced
3815,Indulgent
3816,Nourishing
3817,Indulgent
3818,Indulgent
3819,Indulgent
3820,Indulgent
3821,Indulgent
3822,Indulgent
3823,Nourishing
3824,Indulgent
3825,Balanced
3826,Balanced
3827,Indulgent
3828,Indulgent
3829,Indulgent
3830,Balanced
3831,Indulgent
3832,Balanced
3833,Indulgent
3834,Balanced
3835,Balanced
3836,Indulgent
3837,Nourishing
3838,Nourishing
3839,Balanced
3840,Balanced
3841,Balanced
3842,Indulgent
3843,Balanced
3844,Balanced
3845,Balanced
3846,Nourishing
3847,Balanced
3848,Indulgent
3849,Indulgent
3850,Indulgent
3851,Indulgent
3852,Indulgent
3853,Indulgent
3854,Indulgent
3855,Indulgent
3856,Balanced
3857,Balanced
3858,Indulgent
3859,Balanced
3860,Indulgent
3861,Indulgent
3862,Indulgent
3863,Nourishing
3864,Balanced
3865,Balanced
3866,Indulgent
3867,Balanced
3868,Balanced
3869,Balanced
3870,Balanced
3871,Balanced
3872,Indulgent
3873,Indulgent
3874,Indulgent
3875,Balanced
3876,Indulgent
3877,Indulgent
3878,Indulgent
3879,Balanced
3880,Balanced
3881,Indulgent
3882,Indulgent
3883,Indulgent
3884,Indulgent
3885,Indulgent
3886,Nourishing
3887,Indulgent
3888,Balanced
3889,Balanced
3890,Balanced
3891,Nourishing
3892,Indulgent
3893,Indulgent
3894,Indulgent
3895,Balanced
3896,Balanced
3897,Indulgent
3898,Nourishing
3899,Balanced
3900,Indulgent
3901,Balanced
3902,Indulgent
3903,Indulgent
3904,Balanced
3905,Indulgent
3906,Indulgent
3907,Balanced
3908,Nourishing
3909,Balanced
3910,Indulgent
3911,Balanced
3912,Balanced
3913,Indulgent
3914,Nourishing
3915,Indulgent
3916,Balanced
3917,Indulgent
3918,Indulgent
3919,Balanced
3920,Indulgent
3921,Indulgent
3922,Indulgent
3923,Indulgent
3924,Indulgent
3925,Balanced
3926,Indulgent
3927,Indulgent
3928,Indulgent
3929,Balanced
3930,Nourishing
3931,Indulgent
3932,Indulgent
3933,Balanced
3934,Balanced
3935,Indulgent
3936,Indulgent
3937,Indulgent
3938,Indulgent
3939,Indulgent
3940,Indulgent
3941,Indulgent
3942,Indulgent
3943,Nourishing
3944,Balanced
3945,Balanced
3946,Balanced
3947,Balanced
3948,Balanced
3949,Indulgent
3950,Indulgent
3951,Indulgent
3952,Indulgent
3953,Indulgent
3954,Indulgent
3955,Indulgent
3956,Indulgent
3957,Indulgent
3958,Indulgent
3959,Indulgent
3960,Balanced
3961,Balanced
3962,Balanced
3963,Balanced
3964,Balanced
3965,Indulgent
3966,Indulgent
3967,Indulgent
3968,Balanced
3969,Indulgent
3970,Balanced
3971,Nourishing
3972,Balanced
3973,Balanced
3974,Indulgent
3975,Balanced
3976,Indulgent
3977,Balanced
3978,Nourishing
3979,Balanced
3980,Balanced
3981,Nourishing
3982,Balanced
3983,Balanced
3984,Indulgent
3985,Balanced
3986,Indulgent
3987,Balanced
3988,Indulgent
3989,Balanced
3990,Indulgent
3991,Balanced
3992,Balanced
3993,Balanced
3994,Nourishing
3995,Nourishing
3996,Indulgent
3997,Indulgent
3998,Nourishing
3999,Indulgent
4000,Indulgent
4001,Indulgent
4002,Indulgent
4003,Indulgent
4004,Indulgent
4005,Nourishing
4006,Balanced
4007,Balanced
4008,Balanced
4009,Indulgent
4010,Indulgent
4011,Balanced
4012,Indulgent
4013,Indulgent
4014,Indulgent
4015,Balanced
4016,Nourishing
4017,Balanced
4018,Nourishing
4019,Indulgent
4020,Indulgent
4021,Nourishing
4022,Indulgent
4023,Indulgent
4024,Balanced
4025,Balanced
4026,Indulgent
4027,Balanced
4028,Indulgent
4029,Balanced
4030,Balanced
4031,Nourishing
4032,Indulgent
4033,Nourishing
4034,Balanced
4035,Balanced
4036,Indulgent
4037,Indulgent
4038,Indulgent
4039,Indulgent
4040,Indulgent
4041,Indulgent
4042,Indulgent
4043,Indulgent
4044,Balanced
4045,Indulgent
4046,Indulgent
4047,Indulgent
4048,Indulgent
4049,Indulgent
4050,Indulgent
4051,Indulgent
4052,Nourishing
4053,Balanced
4054,Balanced
4055,Indulgent
4056,Balanced
4057,Nourishing
4058,Indulgent
4059,Nourishing
4060,Indulgent
4061,Balanced
4062,Balanced
4063,Nourishing
4064,Indulgent
4065,Balanced
4066,Indulgent
4067,Indulgent
4068,Indulgent
4069,Indulgent
4070,Balanced
4071,Balanced
4072,Nourishing
4073,Balanced
4074,Indulgent
4075,Nourishing
4076,Indulgent
4077,Balanced
4078,Indulgent
4079,Indulgent
4080,Indulgent
4081,Balanced
4082,Indulgent
4083,Balanced
4084,Indulgent
4085,Balanced
4086,Indulgent
4087,Nourishing
4088,Indulgent
4089,Nourishing
4090,Balanced
4091,Indulgent
4092,Indulgent
4093,Indulgent
4094,Indulgent
4095,Indulgent
4096,Nourishing
4097,Balanced
4098,Nourishing
4099,Indulgent
4100,Indulgent
4101,Nourishing
4102,Balanced
4103,Indulgent
4104,Balanced
4105,Indulgent
4106,Balanced
4107,Nourishing
4108,Nourishing
4109,Indulgent
4110,Nourishing
4111,Indulgent
4112,Nourishing
4113,Balanced
4114,Indulgent
4115,Balanced
4116,Nourishing
4117,Balanced
4118,Balanced
4119,Balanced
4120,Indulgent
4121,Indulgent
4122,Indulgent
4123,Nourishing
4124,Balanced
4125,Indulgent
4126,Indulgent
4127,Indulgent
4128,Balanced
4129,Balanced
4130,Indulgent
4131,Balanced
4132,Balanced
4133,Balanced
4134,Balanced
4135,Balanced
4136,Balanced
4137,Indulgent
4138,Balanced
4139,Indulgent
4140,Indulgent
4141,Nourishing
4142,Balanced
4143,Balanced
4144,Balanced
4145,Balanced
4146,Balanced
4147,Nourishing
4148,Balanced
4149,Indulgent
4150,Indulgent
4151,Balanced
4152,Balanced
4153,Balanced
4154,Nourishing
4155,Balanced
4156,Indulgent
4157,Indulgent
4158,Indulgent
4159,Indulgent
4160,Nourishing
4161,Indulgent
4162,Balanced
4163,Balanced
4164,Nourishing
4165,Balanced
4166,Balanced
4167,Indulgent
4168,Balanced
4169,Balanced
4170,Nourishing
4171,Nourishing
4172,Balanced
4173,Indulgent
4174,Nourishing
4175,Balanced
4176,Indulgent
4177,Indulgent
4178,Nourishing
4179,Nourishing
4180,Indulgent
4181,Indulgent
4182,Indulgent
4183,Indulgent
4184,Indulgent
4185,Nourishing
4186,Indulgent
4187,Balanced
4188,Indulgent
4189,Indulgent
4190,Balanced
4191,Balanced
4192,Balanced
4193,Indulgent
4194,Nourishing
4195,Balanced
4196,Indulgent
4197,Balanced
4198,Balanced
4199,Balanced
4200,Nourishing
4201,Indulgent
4202,Balanced
4203,Balanced
4204,Balanced
4205,Nourishing
4206,Indulgent
4207,Indulgent
4208,Indulgent
4209,Indulgent
4210,Indulgent
4211,Indulgent
4212,Indulgent
4213,Balanced
4214,Indulgent
4215,Indulgent
4216,Balanced
4217,Balanced
4218,Indulgent
4219,Nourishing
4220,Balanced
4221,Indulgent
4222,Balanced
4223,Balanced
4224,Indulgent
4225,Balanced
4226,Indulgent
4227,Indulgent
4228,Indulgent
4229,Balanced
4230,Balanced
4231,Indulgent
4232,Indulgent
4233,Balanced
4234,Balanced
4235,Balanced
4236,Balanced
4237,Indulgent
4238,Nourishing
4239,Indulgent
4240,Indulgent
4241,Balanced
4242,Nourishing
4243,Indulgent
4244,Balanced
4245,Balanced
4246,Indulgent
4247,Indulgent
4248,Indulgent
4249,Indulgent
4250,Nourishing
4251,Balanced
4252,Indulgent
4253,Balanced
4254,Balanced
4255,Balanced
4256,Balanced
4257,Indulgent
4258,Balanced
4259,Balanced
4260,Indulgent
4261,Indulgent
4262,Balanced
4263,Balanced
4264,Indulgent
4265,Indulgent
4266,Nourishing
4267,Balanced
4268,Balanced
4269,Indulgent
4270,Balanced
4271,Balanced
4272,Indulgent
4273,Balanced
4274,Indulgent
4275,Balanced
4276,Balanced
4277,Balanced
4278,Indulgent
4279,Balanced
4280,Indulgent
4281,Indulgent
4282,Nourishing
4283,Balanced
4284,Indulgent
4285,Nourishing
4286,Indulgent
4287,Balanced
4288,Indulgent
4289,Nourishing
4290,Indulgent
4291,Indulgent
4292,Nourishing
4293,Balanced
4294,Indulgent
4295,Balanced
4296,Balanced
4297,Balanced
4298,Indulgent
4299,Indulgent
4300,Nourishing
4301,Balanced
4302,Indulgent
4303,Indulgent
4304,Nourishing
4305,Balanced
4306,Balanced
4307,Balanced
4308,Indulgent
4309,Indulgent
4310,Nourishing
4311,Indulgent
4312,Balanced
4313,Indulgent
4314,Nourishing
4315,Indulgent
4316,Balanced
4317,Indulgent
4318,Balanced
4319,Nourishing
4320,Indulgent
4321,Indulgent
4322,Indulgent
4323,Indulgent
4324,Nourishing
4325,Indulgent
4326,Balanced
4327,Balanced
4328,Nourishing
4329,Balanced
4330,Balanced
4331,Balanced
4332,Balanced
4333,Balanced
4334,Balanced
4335,Balanced
4336,Indulgent
4337,Balanced
4338,Indulgent
4339,Balanced
4340,Nourishing
4341,Balanced
4342,Balanced
4343,Balanced
4344,Nourishing
4345,Indulgent
4346,Indulgent
4347,Indulgent
4348,Indulgent
4349,Indulgent
4350,Balanced
4351,Indulgent
4352,Indulgent
4353,Nourishing
4354,Balanced
4355,Balanced
4356,Nourishing
4357,Nourishing
4358,Balanced
4359,Balanced
4360,Indulgent
4361,Indulgent
4362,Balanced
4363,Nourishing
4364,Indulgent
4365,Nourishing
4366,Indulgent
4367,Indulgent
4368,Indulgent
4369,Nourishing
4370,Balanced
4371,Balanced
4372,Balanced
4373,Nourishing
4374,Balanced
4375,Indulgent
4376,Indulgent
4377,Balanced
4378,Indulgent
4379,Balanced
4380,Balanced
4381,Indulgent
4382,Indulgent
4383,Balanced
4384,Indulgent
4385,Nourishing
4386,Balanced
4387,Indulgent
4388,Indulgent
4389,Balanced
4390,Indulgent
4391,Balanced
4392,Indulgent
4393,Indulgent
4394,Balanced
4395,Balanced
4396,Indulgent
4397,Balanced
4398,Indulgent
4399,Indulgent
4400,Balanced
4401,Indulgent
4402,Indulgent
4403,Balanced
4404,Balanced
4405,Nourishing
4406,Indulgent
4407,Balanced
4408,Nourishing
4409,Nourishing
4410,Balanced
4411,Indulgent
4412,Balanced
4413,Indulgent
4414,Nourishing
4415,Indulgent
4416,Indulgent
4417,Indulgent
4418,Balanced
4419,Balanced
4420,Indulgent
4421,Indulgent
4422,Balanced
4423,Indulgent
4424,Balanced
4425,Balanced
4426,Balanced
4427,Indulgent
4428,Balanced
4429,Indulgent
4430,Nourishing
4431,Balanced
4432,Nourishing
4433,Nourishing
4434,Balanced
4435,Balanced
4436,Balanced
4437,Indulgent
4438,Indulgent
4439,Nourishing
4440,Indulgent
4441,Indulgent
4442,Indulgent
4443,Nourishing
4444,Indulgent
4445,Nourishing
4446,Indulgent
4447,Indulgent
4448,Indulgent
4449,Balanced
4450,Nourishing
4451,Nourishing
4452,Balanced
4453,Indulgent
4454,Indulgent
4455,Balanced
4456,Balanced
4457,Balanced
4458,Indulgent
4459,Indulgent
4460,Balanced
4461,Indulgent
4462,Nourishing
4463,Nourishing
4464,Indulgent
4465,Indulgent
4466,Indulgent
4467,Indulgent
4468,Indulgent
4469,Balanced
4470,Balanced
4471,Indulgent
4472,Indulgent
4473,Indulgent
4474,Indulgent
4475,Balanced
4476,Balanced
4477,Balanced
4478,Indulgent
4479,Nourishing
4480,Balanced
4481,Balanced
4482,Nourishing
4483,Indulgent
4484,Nourishing
4485,Indulgent
4486,Balanced
4487,Indulgent
4488,Indulgent
4489,Nourishing
4490,Balanced
4491,Balanced
4492,Balanced
4493,Indulgent
4494,Balanced
4495,Balanced
4496,Balanced
4497,Balanced
4498,Nourishing
4499,Indulgent
4500,Balanced
4501,Indulgent
4502,Balanced
4503,Indulgent
4504,Nourishing
4505,Indulgent
4506,Indulgent
4507,Indulgent
4508,Nourishing
4509,Indulgent
4510,Indulgent
4511,Nourishing
4512,Balanced
4513,Nourishing
4514,Balanced
4515,Indulgent
4516,Balanced
4517,Nourishing
4518,Balanced
4519,Indulgent
4520,Indulgent
4521,Indulgent
4522,Balanced
4523,Balanced
4524,Balanced
4525,Balanced
4526,Balanced
4527,Indulgent
4528,Balanced
4529,Indulgent
4530,Indulgent
4531,Balanced
4532,Indulgent
4533,Indulgent
4534,Indulgent
4535,Balanced
4536,Balanced
4537,Indulgent
4538,Balanced
4539,Indulgent
4540,Balanced
4541,Indulgent
4542,Nourishing
4543,Balanced
4544,Nourishing
4545,Balanced
4546,Indulgent
4547,Nourishing
4548,Indulgent
4549,Indulgent
4550,Indulgent
4551,Indulgent
4552,Balanced
4553,Nourishing
4554,Balanced
4555,Indulgent
4556,Indulgent
4557,Indulgent
4558,Indulgent
4559,Balanced
4560,Indulgent
4561,Balanced
4562,Balanced
4563,Balanced
4564,Indulgent
4565,Indulgent
4566,Indulgent
4567,Nourishing
4568,Balanced
4569,Balanced
4570,Indulgent
4571,Indulgent
4572,Balanced
4573,Indulgent
4574,Nourishing
4575,Balanced
4576,Balanced
4577,Indulgent
4578,Balanced
4579,Indulgent
4580,Indulgent
4581,Balanced
4582,Balanced
4583,Balanced
4584,Indulgent
4585,Indulgent
4586,Indulgent
4587,Balanced
4588,Balanced
4589,Indulgent
4590,Indulgent
4591,Balanced
4592,Indulgent
4593,Indulgent
4594,Balanced
4595,Balanced
4596,Balanced
4597,Indulgent
4598,Balanced
4599,Indulgent
4600,Indulgent
4601,Indulgent
4602,Indulgent
4603,Balanced
4604,Indulgent
4605,Nourishing
4606,Balanced
4607,Balanced
4608,Balanced
4609,Balanced
4610,Indulgent
4611,Nourishing
4612,Indulgent
4613,Balanced
4614,Indulgent
4615,Indulgent
4616,Balanced
4617,Balanced
4618,Indulgent
4619,Nourishing
4620,Balanced
4621,Indulgent
4622,Balanced
4623,Balanced
4624,Indulgent
4625,Balanced
4626,Balanced
4627,Balanced
4628,Balanced
4629,Indulgent
4630,Indulgent
4631,Indulgent
4632,Balanced
4633,Balanced
4634,Balanced
4635,Nourishing
4636,Nourishing
4637,Indulgent
4638,Indulgent
4639,Nourishing
4640,Indulgent
4641,Indulgent
4642,Indulgent
4643,Indulgent
4644,Balanced
4645,Balanced
4646,Balanced
4647,Indulgent
4648,Balanced
4649,Nourishing
4650,Indulgent
4651,Balanced
4652,Indulgent
4653,Indulgent
4654,Nourishing
4655,Indulgent
4656,Indulgent
4657,Balanced
4658,Balanced
4659,Indulgent
4660,Indulgent
4661,Indulgent
4662,Indulgent
4663,Balanced
4664,Indulgent
4665,Nourishing
4666,Balanced
4667,Indulgent
4668,Balanced
4669,Indulgent
4670,Indulgent
4671,Balanced
4672,Balanced
4673,Indulgent
4674,Balanced
4675,Indulgent
4676,Indulgent
4677,Balanced
4678,Indulgent
4679,Indulgent
4680,Nourishing
4681,Balanced
4682,Indulgent
4683,Balanced
4684,Balanced
4685,Nourishing
4686,Indulgent
4687,Indulgent
4688,Balanced
4689,Balanced
4690,Balanced
4691,Indulgent
4692,Balanced
4693,Balanced
4694,Balanced
4695,Nourishing
4696,Indulgent
4697,Nourishing
4698,Balanced
4699,Balanced
4700,Nourishing
4701,Indulgent
4702,Balanced
4703,Indulgent
4704,Balanced
4705,Indulgent
4706,Balanced
4707,Indulgent
4708,Balanced
4709,Indulgent
4710,Balanced
4711,Indulgent
4712,Indulgent
4713,Balanced
4714,Indulgent
4715,Balanced
4716,Indulgent
4717,Indulgent
4718,Balanced
4719,Indulgent
4720,Indulgent
4721,Indulgent
4722,Balanced
4723,Nourishing
4724,Nourishing
4725,Indulgent
4726,Balanced
4727,Indulgent
4728,Balanced
4729,Balanced
4730,Indulgent
4731,Balanced
4732,Balanced
4733,Balanced
4734,Nourishing
4735,Nourishing
4736,Indulgent
4737,Balanced
4738,Balanced
4739,Balanced
4740,Balanced
4741,Indulgent
4742,Nourishing
4743,Indulgent
4744,Indulgent
4745,Nourishing
4746,Balanced
4747,Indulgent
4748,Indulgent
4749,Nourishing
4750,Balanced
4751,Balanced
4752,Balanced
4753,Indulgent
4754,Indulgent
4755,Nourishing
4756,Indulgent
4757,Nourishing
4758,Balanced
4759,Balanced
4760,Balanced
4761,Indulgent
4762,Indulgent
4763,Indulgent
4764,Balanced
4765,Balanced
4766,Indulgent
4767,Indulgent
4768,Balanced
4769,Nourishing
4770,Indulgent
4771,Balanced
4772,Indulgent
4773,Indulgent
4774,Nourishing
4775,Balanced
4776,Indulgent
4777,Indulgent
4778,Nourishing
4779,Balanced
4780,Balanced
4781,Balanced
4782,Indulgent
4783,Indulgent
4784,Balanced
4785,Nourishing
4786,Nourishing
4787,Balanced
4788,Indulgent
4789,Balanced
4790,Indulgent
4791,Balanced
4792,Indulgent
4793,Indulgent
4794,Indulgent
4795,Indulgent
4796,Indulgent
4797,Balanced
4798,Indulgent
4799,Balanced
4800,Balanced
4801,Nourishing
4802,Balanced
4803,Indulgent
4804,Nourishing
4805,Indulgent
4806,Indulgent
4807,Balanced
4808,Indulgent
4809,Indulgent
4810,Indulgent
4811,Indulgent
4812,Balanced
4813,Balanced
4814,Nourishing
4815,Indulgent
4816,Indulgent
4817,Balanced
4818,Indulgent
4819,Indulgent
4820,Indulgent
4821,Balanced
4822,Indulgent
4823,Indulgent
4824,Balanced
4825,Nourishing
4826,Indulgent
4827,Nourishing
4828,Indulgent
4829,Balanced
4830,Indulgent
4831,Balanced
4832,Nourishing
4833,Indulgent
4834,Indulgent
4835,Balanced
4836,Indulgent
4837,Balanced
4838,Balanced
4839,Indulgent
4840,Nourishing
4841,Balanced
4842,Balanced
4843,Indulgent
4844,Balanced
4845,Indulgent
4846,Nourishing
4847,Indulgent
4848,Balanced
4849,Balanced
4850,Indulgent
4851,Balanced
4852,Indulgent
4853,Balanced
4854,Balanced
4855,Indulgent
4856,Balanced
4857,Balanced
4858,Indulgent
4859,Indulgent
4860,Balanced
4861,Indulgent
4862,Indulgent
4863,Balanced
4864,Balanced
4865,Nourishing
4866,Balanced
4867,Indulgent
4868,Balanced
4869,Nourishing
4870,Balanced
4871,Balanced
4872,Indulgent
4873,Nourishing
4874,Balanced
4875,Balanced
4876,Indulgent
4877,Indulgent
4878,Nourishing
4879,Indulgent
4880,Nourishing
4881,Indulgent
4882,Indulgent
4883,Indulgent
4884,Balanced
4885,Balanced
4886,Balanced
4887,Indulgent
4888,Nourishing
4889,Balanced
4890,Balanced
4891,Indulgent
4892,Balanced
4893,Indulgent
4894,Indulgent
4895,Nourishing
4896,Balanced
4897,Indulgent
4898,Indulgent
4899,Nourishing
4900,Balanced
4901,Nourishing
4902,Balanced
4903,Balanced
4904,Indulgent
4905,Indulgent
4906,Balanced
4907,Indulgent
4908,Nourishing
4909,Balanced
4910,Balanced
4911,Indulgent
4912,Balanced
4913,Balanced
4914,Indulgent
4915,Indulgent
4916,Indulgent
4917,Indulgent
4918,Indulgent
4919,Balanced
4920,Indulgent
4921,Balanced
4922,Indulgent
4923,Balanced
4924,Balanced
4925,Nourishing
4926,Indulgent
4927,Balanced
4928,Balanced
4929,Nourishing
4930,Nourishing
4931,Indulgent
4932,Balanced
4933,Balanced
4934,Nourishing
4935,Balanced
4936,Indulgent
4937,Indulgent
4938,Nourishing
4939,Balanced
4940,Balanced
4941,Indulgent
4942,Indulgent
4943,Balanced
4944,Nourishing
4945,Balanced
4946,Balanced
4947,Indulgent
4948,Balanced
4949,Balanced
4950,Indulgent
4951,Indulgent
4952,Indulgent
4953,Indulgent
4954,Indulgent
4955,Indulgent
4956,Nourishing
4957,Indulgent
4958,Nourishing
4959,Indulgent
4960,Balanced
4961,Nourishing
4962,Balanced
4963,Balanced
4964,Indulgent
4965,Balanced
4966,Nourishing
4967,Balanced
4968,Balanced
4969,Indulgent
4970,Indulgent
4971,Balanced
4972,Nourishing
4973,Indulgent
4974,Indulgent
4975,Balanced
4976,Indulgent
4977,Indulgent
4978,Indulgent
4979,Indulgent
4980,Balanced
4981,Indulgent
4982,Indulgent
4983,Balanced
4984,Indulgent
4985,Indulgent
4986,Indulgent
4987,Nourishing
4988,Indulgent
4989,Indulgent
4990,Indulgent
4991,Balanced
4992,Nourishing
4993,Balanced
4994,Indulgent
4995,Indulgent
4996,Indulgent
4997,Balanced
4998,Balanced
4999,Indulgent
5000,Nourishing
5001,Indulgent
5002,Nourishing
5003,Balanced
5004,Balanced
5005,Balanced
5006,Indulgent
5007,Indulgent
5008,Balanced
5009,Indulgent
5010,Indulgent
5011,Balanced
5012,Indulgent
5013,Indulgent
5014,Indulgent
5015,Indulgent
5016,Nourishing
5017,Indulgent
5018,Indulgent
5019,Indulgent
5020,Indulgent
5021,Indulgent
5022,Balanced
5023,Balanced
5024,Nourishing
5025,Indulgent
5026,Indulgent
5027,Balanced
5028,Balanced
5029,Balanced
5030,Indulgent
5031,Nourishing
5032,Balanced
5033,Balanced
5034,Indulgent
5035,Balanced
5036,Indulgent
5037,Indulgent
5038,Balanced
5039,Balanced
5040,Indulgent
5041,Balanced
5042,Indulgent
5043,Indulgent
5044,Nourishing
5045,Balanced
5046,Balanced
5047,Balanced
5048,Balanced
5049,Balanced
5050,Indulgent
5051,Indulgent
5052,Indulgent
5053,Balanced
5054,Balanced
5055,Balanced
5056,Indulgent
5057,Nourishing
5058,Indulgent
5059,Balanced
5060,Indulgent
5061,Indulgent
5062,Balanced
5063,Indulgent
5064,Nourishing
5065,Balanced
5066,Balanced
5067,Indulgent
5068,Nourishing
5069,Balanced
5070,Indulgent
5071,Balanced
5072,Nourishing
5073,Indulgent
5074,Balanced
5075,Balanced
5076,Indulgent
5077,Indulgent
5078,Balanced
5079,Balanced
5080,Balanced
5081,Balanced
5082,Indulgent
5083,Balanced
5084,Indulgent
5085,Balanced
5086,Balanced
5087,Nourishing
5088,Balanced
5089,Indulgent
5090,Nourishing
5091,Balanced
5092,Balanced
5093,Nourishing
5094,Indulgent
5095,Indulgent
5096,Balanced
5097,Balanced
5098,Nourishing
5099,Indulgent
5100,Balanced
5101,Indulgent
5102,Balanced
5103,Indulgent
5104,Indulgent
5105,Balanced
5106,Nourishing
5107,Balanced
5108,Indulgent
5109,Balanced
5110,Indulgent
5111,Indulgent
5112,Indulgent
5113,Balanced
5114,Balanced
5115,Balanced
5116,Indulgent
5117,Indulgent
5118,Balanced
5119,Nourishing
5120,Indulgent
5121,Balanced
5122,Indulgent
5123,Nourishing
5124,Balanced
5125,Nourishing
5126,Indulgent
5127,Balanced
5128,Indulgent
5129,Indulgent
5130,Balanced
5131,Balanced
5132,Balanced
5133,Indulgent
5134,Balanced
5135,Balanced
5136,Indulgent
5137,Indulgent
5138,Balanced
5139,Indulgent
5140,Indulgent
5141,Balanced
5142,Balanced
5143,Balanced
5144,Nourishing
5145,Indulgent
5146,Indulgent
5147,Indulgent
5148,Indulgent
5149,Indulgent
5150,Indulgent
5151,Indulgent
5152,Balanced
5153,Nourishing
5154,Indulgent
5155,Balanced
5156,Balanced
5157,Indulgent
5158,Nourishing
5159,Balanced
5160,Nourishing
5161,Balanced
5162,Balanced
5163,Balanced
5164,Nourishing
5165,Indulgent
5166,Nourishing
5167,Balanced
5168,Balanced
5169,Nourishing
5170,Indulgent
5171,Balanced
5172,Nourishing
5173,Indulgent
5174,Indulgent
5175,Balanced
5176,Indulgent
5177,Indulgent
5178,Indulgent
5179,Indulgent
5180,Balanced
5181,Indulgent
5182,Nourishing
5183,Indulgent
5184,Nourishing
5185,Balanced
5186,Indulgent
5187,Nourishing
5188,Balanced
5189,Indulgent
5190,Indulgent
5191,Balanced
5192,Balanced
5193,Balanced
5194,Balanced
5195,Balanced
5196,Indulgent
5197,Balanced
5198,Indulgent
5199,Indulgent
5200,Balanced
5201,Balanced
5202,Nourishing
5203,Balanced
5204,Balanced
5205,Nourishing
5206,Indulgent
5207,Balanced
5208,Balanced
5209,Balanced
5210,Indulgent
5211,Nourishing
5212,Balanced
5213,Balanced
5214,Nourishing
5215,Indulgent
5216,Indulgent
5217,Nourishing
5218,Indulgent
5219,Balanced
5220,Indulgent
5221,Balanced
5222,Indulgent
5223,Nourishing
5224,Indulgent
5225,Balanced
5226,Indulgent
5227,Nourishing
5228,Indulgent
5229,Indulgent
5230,Balanced
5231,Balanced
5232,Indulgent
5233,Indulgent
5234,Balanced
5235,Nourishing
5236,Indulgent
5237,Nourishing
5238,Balanced
5239,Indulgent
5240,Indulgent
5241,Nourishing
5242,Indulgent
5243,Balanced
5244,Indulgent
5245,Nourishing
5246,Indulgent
5247,Balanced
5248,Balanced
5249,Balanced
5250,Indulgent
5251,Balanced
5252,Indulgent
5253,Indulgent
5254,Balanced
5255,Balanced
5256,Balanced
5257,Indulgent
5258,Nourishing
5259,Indulgent
5260,Balanced
5261,Balanced
5262,Indulgent
5263,Indulgent
5264,Nourishing
5265,Indulgent
5266,Indulgent
5267,Nourishing
5268,Balanced
5269,Nourishing
5270,Indulgent
5271,Balanced
5272,Indulgent
5273,Balanced
5274,Indulgent
5275,Indulgent
5276,Nourishing
5277,Indulgent
5278,Nourishing
5279,Indulgent
5280,Indulgent
5281,Balanced
5282,Balanced
5283,Balanced
5284,Balanced
5285,Nourishing
5286,Indulgent
5287,Indulgent
5288,Indulgent
5289,Indulgent
5290,Balanced
5291,Balanced
5292,Indulgent
5293,Indulgent
5294,Balanced
5295,Indulgent
5296,Balanced
5297,Balanced
5298,Indulgent
5299,Indulgent
5300,Balanced
5301,Nourishing
5302,Indulgent
5303,Indulgent
5304,Indulgent
5305,Balanced
5306,Indulgent
5307,Nourishing
5308,Balanced
5309,Indulgent
5310,Nourishing
5311,Indulgent
5312,Balanced
5313,Balanced
5314,Indulgent
5315,Indulgent
5316,Indulgent
5317,Balanced
5318,Balanced
5319,Balanced
5320,Nourishing
5321,Indulgent
5322,Indulgent
5323,Indulgent
5324,Indulgent
5325,Balanced
5326,Indulgent
5327,Nourishing
5328,Indulgent
5329,Indulgent
5330,Balanced
5331,Nourishing
5332,Indulgent
5333,Indulgent
5334,Balanced
5335,Indulgent
5336,Indulgent
5337,Balanced
5338,Balanced
5339,Indulgent
5340,Nourishing
5341,Indulgent
5342,Indulgent
5343,Indulgent
5344,Balanced
5345,Indulgent
5346,Balanced
5347,Balanced
5348,Indulgent
5349,Balanced
5350,Nourishing
5351,Nourishing
5352,Balanced
5353,Balanced
5354,Balanced
5355,Indulgent
5356,Balanced
5357,Nourishing
5358,Balanced
5359,Indulgent
5360,Nourishing
5361,Indulgent
5362,Indulgent
5363,Indulgent
5364,Indulgent
5365,Balanced
5366,Balanced
5367,Balanced
5368,Indulgent
5369,Indulgent
5370,Indulgent
5371,Indulgent
5372,Balanced
5373,Nourishing
5374,Balanced
5375,Indulgent
5376,Balanced
5377,Balanced
5378,Indulgent
5379,Indulgent
5380,Balanced
5381,Indulgent
5382,Indulgent
5383,Indulgent
5384,Balanced
5385,Indulgent
5386,Balanced
5387,Balanced
5388,Nourishing
5389,Indulgent
5390,Balanced
5391,Nourishing
5392,Indulgent
5393,Indulgent
5394,Nourishing
5395,Indulgent
5396,Indulgent
5397,Balanced
5398,Balanced
5399,Indulgent
5400,Indulgent
5401,Indulgent
5402,Nourishing
5403,Balanced
5404,Indulgent
5405,Balanced
5406,Balanced
5407,Balanced
5408,Balanced
5409,Indulgent
5410,Balanced
5411,Indulgent
5412,Nourishing
5413,Indulgent
5414,Balanced
5415,Balanced
5416,Balanced
5417,Indulgent
5418,Indulgent
5419,Balanced
5420,Indulgent
5421,Balanced
5422,Balanced
5423,Balanced
5424,Balanced
5425,Nourishing
5426,Balanced
5427,Balanced
5428,Balanced
5429,Indulgent
5430,Balanced
5431,Indulgent
5432,Nourishing
5433,Indulgent
5434,Indulgent
5435,Balanced
5436,Indulgent
5437,Indulgent
5438,Balanced
5439,Balanced
5440,Balanced
5441,Indulgent
5442,Indulgent
5443,Balanced
5444,Indulgent
5445,Indulgent
5446,Balanced
5447,Nourishing
5448,Indulgent
5449,Balanced
5450,Balanced
5451,Balanced
5452,Indulgent
5453,Nourishing
5454,Balanced
5455,Balanced
5456,Indulgent
5457,Indulgent
5458,Indulgent
5459,Nourishing
5460,Balanced
5461,Balanced
5462,Nourishing
5463,Balanced
5464,Indulgent
5465,Indulgent
5466,Indulgent
5467,Balanced
5468,Balanced
5469,Indulgent
5470,Indulgent
5471,Indulgent
5472,Balanced
5473,Indulgent
5474,Indulgent
5475,Indulgent
5476,Balanced
5477,Balanced
5478,Indulgent
5479,Balanced
5480,Nourishing
5481,Nourishing
5482,Indulgent
5483,Balanced
5484,Balanced
5485,Indulgent
5486,Indulgent
5487,Indulgent
5488,Indulgent
5489,Indulgent
5490,Balanced
5491,Indulgent
5492,Balanced
5493,Balanced
5494,Indulgent
5495,Indulgent
5496,Balanced
5497,Balanced
5498,Indulgent
5499,Balanced
5500,Balanced
5501,Indulgent
5502,Indulgent
5503,Nourishing
5504,Indulgent
5505,Indulgent
5506,Nourishing
5507,Indulgent
5508,Balanced
5509,Nourishing
5510,Indulgent
5511,Balanced
5512,Indulgent
5513,Nourishing
5514,Nourishing
5515,Balanced
5516,Balanced
5517,Balanced
5518,Indulgent
5519,Balanced
5520,Nourishing
5521,Balanced
5522,Indulgent
5523,Nourishing
5524,Indulgent
5525,Indulgent
5526,Nourishing
5527,Indulgent
5528,Nourishing
5529,Balanced
5530,Nourishing
5531,Indulgent
5532,Indulgent
5533,Indulgent
5534,Indulgent
5535,Balanced
5536,Balanced
5537,Balanced
5538,Indulgent
5539,Balanced
5540,Balanced
5541,Balanced
5542,Indulgent
5543,Balanced
5544,Indulgent
5545,Indulgent
5546,Balanced
5547,Indulgent
5548,Indulgent
5549,Indulgent
5550,Balanced
5551,Balanced
5552,Indulgent
5553,Balanced
5554,Indulgent
5555,Indulgent
5556,Indulgent
5557,Balanced
5558,Balanced
5559,Balanced
5560,Indulgent
5561,Indulgent
5562,Nourishing
5563,Balanced
5564,Indulgent
5565,Indulgent
5566,Nourishing
5567,Balanced
5568,Indulgent
5569,Balanced
5570,Nourishing
5571,Indulgent
5572,Indulgent
5573,Nourishing
5574,Indulgent
5575,Balanced
5576,Balanced
5577,Indulgent
5578,Nourishing
5579,Balanced
5580,Nourishing
5581,Nourishing
5582,Nourishing
5583,Balanced
5584,Balanced
5585,Balanced
5586,Indulgent
5587,Nourishing
5588,Balanced
5589,Indulgent
5590,Indulgent
5591,Balanced
5592,Nourishing
5593,Balanced
5594,Balanced
5595,Nourishing
5596,Indulgent
5597,Indulgent
5598,Balanced
5599,Balanced
5600,Balanced
5601,Indulgent
5602,Indulgent
5603,Indulgent
5604,Indulgent
5605,Indulgent
5606,Indulgent
5607,Indulgent
5608,Indulgent
5609,Indulgent
5610,Indulgent
5611,Nourishing
5612,Balanced
5613,Indulgent
5614,Indulgent
5615,Balanced
5616,Indulgent
5617,Indulgent
5618,Indulgent
5619,Indulgent
5620,Balanced
5621,Balanced
5622,Indulgent
5623,Indulgent
5624,Balanced
5625,Indulgent
5626,Indulgent
5627,Nourishing
5628,Balanced
5629,Balanced
5630,Balanced
5631,Indulgent
5632,Balanced
5633,Balanced
5634,Balanced
5635,Indulgent
5636,Indulgent
5637,Indulgent
5638,Balanced
5639,Indulgent
5640,Balanced
5641,Balanced
5642,Nourishing
5643,Nourishing
5644,Balanced
5645,Balanced
5646,Indulgent
5647,Balanced
5648,Balanced
5649,Nourishing
5650,Indulgent
5651,Indulgent
5652,Balanced
5653,Indulgent
5654,Balanced
5655,Indulgent
5656,Indulgent
5657,Nourishing
5658,Indulgent
5659,Indulgent
5660,Indulgent
5661,Balanced
5662,Indulgent
5663,Balanced
5664,Indulgent
5665,Indulgent
5666,Nourishing
5667,Nourishing
5668,Indulgent
5669,Balanced
5670,Nourishing
5671,Indulgent
5672,Indulgent
5673,Balanced
5674,Indulgent
5675,Indulgent
5676,Balanced
5677,Indulgent
5678,Indulgent
5679,Balanced
5680,Indulgent
5681,Indulgent
5682,Indulgent
5683,Indulgent
5684,Balanced
5685,Nourishing
5686,Indulgent
5687,Balanced
5688,Indulgent
5689,Indulgent
5690,Indulgent
5691,Indulgent
5692,Balanced
5693,Indulgent
5694,Balanced
5695,Indulgent
5696,Indulgent
5697,Balanced
5698,Nourishing
5699,Nourishing
5700,Nourishing
5701,Indulgent
5702,Balanced
5703,Balanced
5704,Indulgent
5705,Balanced
5706,Balanced
5707,Indulgent
5708,Balanced
5709,Indulgent
5710,Indulgent
5711,Indulgent
5712,Indulgent
5713,Nourishing
5714,Indulgent
5715,Indulgent
5716,Indulgent
5717,Indulgent
5718,Nourishing
5719,Indulgent
5720,Indulgent
5721,Balanced
5722,Balanced
5723,Balanced
5724,Nourishing
5725,Indulgent
5726,Indulgent
5727,Indulgent
5728,Balanced
5729,Nourishing
5730,Indulgent
5731,Indulgent
5732,Indulgent
5733,Balanced
5734,Nourishing
5735,Indulgent
5736,Balanced
5737,Indulgent
5738,Indulgent
5739,Indulgent
5740,Indulgent
5741,Balanced
5742,Nourishing
5743,Nourishing
5744,Indulgent
5745,Indulgent
5746,Balanced
5747,Balanced
5748,Indulgent
5749,Indulgent
5750,Indulgent
5751,Indulgent
5752,Indulgent
5753,Nourishing
5754,Balanced
5755,Indulgent
5756,Indulgent
5757,Balanced
5758,Balanced
5759,Nourishing
5760,Balanced
5761,Indulgent
5762,Indulgent
5763,Indulgent
5764,Balanced
5765,Balanced
5766,Indulgent
5767,Balanced
5768,Indulgent
5769,Nourishing
5770,Balanced
5771,Indulgent
5772,Indulgent
5773,Indulgent
5774,Balanced
5775,Indulgent
5776,Balanced
5777,Balanced
5778,Indulgent
5779,Balanced
5780,Balanced
5781,Indulgent
5782,Nourishing
5783,Indulgent
5784,Balanced
5785,Nourishing
5786,Balanced
5787,Indulgent
5788,Indulgent
5789,Balanced
5790,Balanced
5791,Balanced
5792,Indulgent
5793,Indulgent
5794,Nourishing
5795,Indulgent
5796,Indulgent
5797,Nourishing
5798,Balanced
5799,Balanced
5800,Balanced
5801,Balanced
5802,Indulgent
5803,Indulgent
5804,Indulgent
5805,Nourishing
5806,Nourishing
5807,Balanced
5808,Indulgent
5809,Balanced
5810,Balanced
5811,Indulgent
5812,Indulgent
5813,Indulgent
5814,Indulgent
5815,Balanced
5816,Balanced
5817,Indulgent
5818,Indulgent
5819,Indulgent
5820,Indulgent
5821,Indulgent
5822,Balanced
5823,Indulgent
5824,Indulgent
5825,Indulgent
5826,Indulgent
5827,Balanced
5828,Balanced
5829,Balanced
5830,Balanced
5831,Balanced
5832,Nourishing
5833,Indulgent
5834,Nourishing
5835,Indulgent
5836,Indulgent
5837,Indulgent
5838,Indulgent
5839,Balanced
5840,Nourishing
5841,Nourishing
5842,Balanced
5843,Balanced
5844,Balanced
5845,Balanced
5846,Indulgent
5847,Indulgent
5848,Balanced
5849,Nourishing
5850,Balanced
5851,Indulgent
5852,Indulgent
5853,Balanced
5854,Balanced
5855,Balanced
5856,Nourishing
5857,Balanced
5858,Balanced
5859,Indulgent
5860,Nourishing
5861,Indulgent
5862,Indulgent
5863,Balanced
5864,Indulgent
5865,Indulgent
5866,Indulgent
5867,Balanced
5868,Balanced
5869,Balanced
5870,Balanced
5871,Indulgent
5872,Indulgent
5873,Balanced
5874,Indulgent
5875,Balanced
5876,Indulgent
5877,Indulgent
5878,Nourishing
5879,Indulgent
5880,Indulgent
5881,Indulgent
5882,Indulgent
5883,Balanced
5884,Nourishing
5885,Indulgent
5886,Balanced
5887,Indulgent
5888,Indulgent
5889,Balanced
5890,Indulgent
5891,Indulgent
5892,Nourishing
5893,Balanced
5894,Balanced
5895,Balanced
5896,Balanced
5897,Balanced
5898,Balanced
5899,Indulgent
5900,Balanced
5901,Indulgent
5902,Nourishing
5903,Indulgent
5904,Indulgent
5905,Balanced
5906,Balanced
5907,Balanced
5908,Nourishing
5909,Balanced
5910,Indulgent
5911,Balanced
5912,Balanced
5913,Indulgent
5914,Indulgent
5915,Balanced
5916,Indulgent
5917,Balanced
5918,Indulgent
5919,Balanced
5920,Indulgent
5921,Balanced
5922,Indulgent
5923,Balanced
5924,Balanced
5925,Balanced
5926,Nourishing
5927,Balanced
5928,Indulgent
5929,Balanced
5930,Indulgent
5931,Nourishing
5932,Balanced
5933,Balanced
5934,Indulgent
5935,Indulgent
5936,Nourishing
5937,Indulgent
5938,Balanced
5939,Nourishing
5940,Indulgent
5941,Indulgent
5942,Nourishing
5943,Nourishing
5944,Balanced
5945,Balanced
5946,Indulgent
5947,Nourishing
5948,Indulgent
5949,Indulgent
5950,Indulgent
5951,Balanced
5952,Indulgent
5953,Indulgent
5954,Indulgent
5955,Balanced
5956,Indulgent
5957,Indulgent
5958,Indulgent
5959,Indulgent
5960,Balanced
5961,Indulgent
5962,Balanced
5963,Balanced
5964,Indulgent
5965,Nourishing
5966,Balanced
5967,Indulgent
5968,Indulgent
5969,Indulgent
5970,Balanced
5971,Balanced
5972,Indulgent
5973,Nourishing
5974,Balanced
5975,Balanced
5976,Indulgent
5977,Indulgent
5978,Balanced
5979,Indulgent
5980,Balanced
5981,Nourishing
5982,Balanced
5983,Indulgent
5984,Indulgent
5985,Indulgent
5986,Nourishing
5987,Indulgent
5988,Indulgent
5989,Indulgent
5990,Balanced
5991,Balanced
5992,Nourishing
5993,Balanced
5994,Indulgent
5995,Indulgent
5996,Indulgent
5997,Indulgent
5998,Indulgent
5999,Indulgent
6000,Indulgent
6001,Indulgent
6002,Indulgent
6003,Balanced
6004,Nourishing
6005,Indulgent
6006,Balanced
6007,Balanced
6008,Indulgent
6009,Nourishing
6010,Indulgent
6011,Balanced
6012,Balanced
6013,Indulgent
6014,Indulgent
6015,Nourishing
6016,Indulgent
6017,Indulgent
6018,Indulgent
6019,Nourishing
6020,Nourishing
6021,Indulgent
6022,Nourishing
6023,Balanced
6024,Balanced
6025,Indulgent
6026,Nourishing
6027,Balanced
6028,Balanced
6029,Nourishing
6030,Balanced
6031,Indulgent
6032,Nourishing
6033,Indulgent
6034,Indulgent
6035,Indulgent
6036,Indulgent
6037,Indulgent
6038,Balanced
6039,Indulgent
6040,Indulgent
6041,Indulgent
6042,Indulgent
6043,Indulgent
6044,Indulgent
6045,Balanced
6046,Indulgent
6047,Indulgent
6048,Nourishing
6049,Indulgent
6050,Indulgent
6051,Indulgent
6052,Nourishing
6053,Indulgent
6054,Balanced
6055,Indulgent
6056,Balanced
6057,Indulgent
6058,Indulgent
6059,Indulgent
6060,Indulgent
6061,Nourishing
6062,Indulgent
6063,Balanced
6064,Nourishing
6065,Nourishing
6066,Indulgent
6067,Indulgent
6068,Indulgent
6069,Balanced
6070,Indulgent
6071,Balanced
6072,Balanced
6073,Indulgent
6074,Balanced
6075,Indulgent
6076,Indulgent
6077,Indulgent
6078,Indulgent
6079,Indulgent
6080,Indulgent
6081,Indulgent
6082,Indulgent
6083,Balanced
6084,Indulgent
6085,Indulgent
6086,Nourishing
6087,Indulgent
6088,Balanced
6089,Nourishing
6090,Indulgent
6091,Indulgent
6092,Balanced
6093,Balanced
6094,Balanced
6095,Indulgent
6096,Balanced
6097,Nourishing
6098,Indulgent
6099,Balanced
6100,Indulgent
6101,Indulgent
6102,Balanced
6103,Balanced
6104,Balanced
6105,Indulgent
6106,Balanced
6107,Indulgent
6108,Indulgent
6109,Balanced
6110,Nourishing
6111,Balanced
6112,Balanced
6113,Balanced
6114,Balanced
6115,Indulgent
6116,Balanced
6117,Indulgent
6118,Balanced
6119,Balanced
6120,Nourishing
6121,Indulgent
6122,Balanced
6123,Indulgent
6124,Balanced
6125,Indulgent
6126,Balanced
6127,Balanced
6128,Nourishing
6129,Nourishing
6130,Balanced
6131,Balanced
6132,Balanced
6133,Indulgent
6134,Indulgent
6135,Indulgent
6136,Balanced
6137,Balanced
6138,Balanced
6139,Indulgent
6140,Balanced
6141,Indulgent
6142,Indulgent
6143,Indulgent
6144,Indulgent
6145,Balanced
6146,Indulgent
6147,Balanced
6148,Nourishing
6149,Balanced
6150,Balanced
6151,Balanced
6152,Indulgent
6153,Balanced
6154,Nourishing
6155,Balanced
6156,Balanced
6157,Indulgent
6158,Indulgent
6159,Nourishing
6160,Balanced
6161,Indulgent
6162,Balanced
6163,Indulgent
6164,Indulgent
6165,Nourishing
6166,Balanced
6167,Balanced
6168,Nourishing
6169,Indulgent
6170,Nourishing
6171,Balanced
6172,Balanced
6173,Indulgent
6174,Nourishing
6175,Balanced
6176,Balanced
6177,Balanced
6178,Balanced
6179,Balanced
6180,Balanced
6181,Balanced
6182,Balanced
6183,Balanced
6184,Indulgent
6185,Indulgent
6186,Balanced
6187,Indulgent
6188,Indulgent
6189,Balanced
6190,Balanced
6191,Indulgent
6192,Nourishing
6193,Balanced
6194,Balanced
6195,Indulgent
6196,Balanced
6197,Balanced
6198,Indulgent
6199,Indulgent
6200,Indulgent
6201,Balanced
6202,Balanced
6203,Indulgent
6204,Indulgent
6205,Balanced
6206,Nourishing
6207,Indulgent
6208,Indulgent
6209,Indulgent
6210,Balanced
6211,Balanced
6212,Indulgent
6213,Nourishing
6214,Indulgent
6215,Indulgent
6216,Nourishing
6217,Indulgent
6218,Balanced
6219,Indulgent
6220,Balanced
6221,Indulgent
6222,Indulgent
6223,Balanced
6224,Balanced
6225,Indulgent
6226,Nourishing
6227,Balanced
6228,Indulgent
6229,Indulgent
6230,Indulgent
6231,Balanced
6232,Balanced
6233,Balanced
6234,Balanced
